-- phpMyAdmin SQL Dump
-- version 2.11.9.2
-- http://www.phpmyadmin.net
--
-- Host: localhost
-- Generation Time: Aug 30, 2016 at 12:50 AM
-- Server version: 5.0.67
-- PHP Version: 5.2.6

SET SQL_MODE="NO_AUTO_VALUE_ON_ZERO";


/*!40101 SET @OLD_CHARACTER_SET_CLIENT=@@CHARACTER_SET_CLIENT */;
/*!40101 SET @OLD_CHARACTER_SET_RESULTS=@@CHARACTER_SET_RESULTS */;
/*!40101 SET @OLD_COLLATION_CONNECTION=@@COLLATION_CONNECTION */;
/*!40101 SET NAMES utf8 */;

--
-- Database: `kp2`
--

-- --------------------------------------------------------

--
-- Table structure for table `alat`
--

CREATE TABLE IF NOT EXISTS `alat` (
  `kode` varchar(6) NOT NULL,
  `nama` varchar(30) NOT NULL,
  `satuan` varchar(10) NOT NULL,
  PRIMARY KEY  (`kode`)
) ENGINE=InnoDB DEFAULT CHARSET=latin1;

--
-- Dumping data for table `alat`
--

INSERT INTO `alat` (`kode`, `nama`, `satuan`) VALUES
('201', 'Air Kerja', 'Ls'),
('202', 'Alat Listrik', 'Ls'),
('202-01', 'Kabel NYM 2,5x3', 'roll'),
('202-02', 'Kabel NYM 1,5x2', 'roll'),
('202-03', 'Kabel Toever NYY', 'roll'),
('202-04', 'Kabel TV', 'roll'),
('202-05', 'Kabel telepon', 'roll'),
('202-06', 'Terminal', 'bh'),
('203', 'Cangkul', 'bh'),
('204', 'Cutting Bar', 'bh'),
('205', 'Drum Air', 'bh'),
('206', 'Ember Cor Besar', 'bh'),
('207', 'Ember Cor Kecil', 'bh'),
('208', 'Gegep', 'bh'),
('209', 'Generator', 'Unit'),
('210', 'Gergaji Besi', 'bh'),
('211', 'Gerobak Dorong', 'bh'),
('212', 'Gunting Besi Manual', 'bh'),
('213', 'Jerigen', 'bh'),
('214', 'Karung Goni', 'bh'),
('215', 'Kuas 4"', 'bh'),
('216', 'Linggis', 'bh'),
('217', 'Mata Gerinda', 'bh'),
('218', 'Meteran Biasa', 'bh'),
('219', 'Meteran Gulung', 'bh'),
('220', 'Molen', 'unit'),
('221', 'Pahat', 'bh'),
('222', 'Palu', 'bh'),
('222-01', 'Bodem', 'bh'),
('223', 'Pompa Air', 'unit'),
('224', 'Sekop', 'bh'),
('225', 'Sewa Eskavator', 'ls'),
('226', 'Slang Air', 'm'),
('227', 'Slang Vibrator', 'bh'),
('228', 'Slang Waterpass', 'm'),
('229', 'Spare Part', 'ls'),
('230', 'Stamper', 'unit'),
('231', 'Terpal', 'bh'),
('232', 'Vibrator', 'unit'),
('234', 'Takel', 'unit'),
('235', 'Sewa schafolding', 'set'),
('236', 'sabuk pengaman', 'bh'),
('237', 'Tali tambang', 'm'),
('238', 'Rantai', 'm'),
('239', 'Jaring pengaman', 'm2'),
('240', 'Bak Cat', 'bh'),
('241', 'Pengki', 'bh'),
('242', 'Perbaikan alat', 'ls'),
('243', 'Dozer', 'ls'),
('244', 'Mob demob', 'ls'),
('245', 'Sewa Surveyor', 'ls'),
('246', 'sendoh', 'bh'),
('247', 'piring', 'bh'),
('248', 'garpu', 'bh'),
('249', 'ayakan pasir', 'bh'),
('250', 'gergaji', 'bh'),
('251', 'alatbubut', 'buah');

-- --------------------------------------------------------

--
-- Table structure for table `alat_daftaralat`
--

CREATE TABLE IF NOT EXISTS `alat_daftaralat` (
  `id` int(11) NOT NULL auto_increment,
  `harga` int(11) NOT NULL,
  `kodealat` varchar(6) NOT NULL,
  `iddaftaralat` int(11) NOT NULL,
  PRIMARY KEY  (`id`),
  KEY `kodealat` (`kodealat`),
  KEY `iddaftaralat` (`iddaftaralat`),
  KEY `kodealat_2` (`kodealat`),
  KEY `iddaftaralat_2` (`iddaftaralat`)
) ENGINE=InnoDB  DEFAULT CHARSET=latin1 AUTO_INCREMENT=1087 ;

--
-- Dumping data for table `alat_daftaralat`
--

INSERT INTO `alat_daftaralat` (`id`, `harga`, `kodealat`, `iddaftaralat`) VALUES
(1, 5000, '202-02', 1),
(2, 1000, '207', 3),
(3, 10000, '201', 1),
(4, 2000, '202-01', 3),
(5, 500, '202', 2),
(59, 50000, '201', 5),
(60, 50000, '202', 5),
(61, 50000, '202-01', 5),
(62, 50000, '202-02', 5),
(63, 50000, '202-03', 5),
(64, 50000, '202-04', 5),
(65, 50000, '202-05', 5),
(66, 50000, '202-06', 5),
(67, 50000, '203', 5),
(68, 50000, '204', 5),
(69, 50000, '205', 5),
(70, 50000, '206', 5),
(71, 50000, '207', 5),
(72, 50000, '208', 5),
(73, 50000, '209', 5),
(74, 50000, '210', 5),
(75, 50000, '211', 5),
(76, 50000, '212', 5),
(77, 50000, '213', 5),
(78, 50000, '214', 5),
(79, 50000, '215', 5),
(80, 50000, '216', 5),
(81, 50000, '217', 5),
(82, 50000, '218', 5),
(83, 50000, '219', 5),
(84, 50000, '220', 5),
(85, 50000, '221', 5),
(86, 50000, '222', 5),
(87, 50000, '222-01', 5),
(88, 50000, '223', 5),
(89, 50000, '224', 5),
(90, 50000, '225', 5),
(91, 50000, '226', 5),
(92, 50000, '227', 5),
(93, 50000, '228', 5),
(94, 50000, '229', 5),
(95, 50000, '230', 5),
(96, 50000, '231', 5),
(97, 50000, '232', 5),
(98, 50000, '234', 5),
(99, 50000, '235', 5),
(100, 50000, '236', 5),
(101, 50000, '237', 5),
(102, 50000, '238', 5),
(103, 50000, '239', 5),
(104, 50000, '240', 5),
(105, 50000, '241', 5),
(106, 50000, '242', 5),
(107, 50000, '243', 5),
(108, 50000, '244', 5),
(109, 50000, '245', 5),
(110, 50000, '246', 5),
(111, 50000, '247', 5),
(112, 50000, '248', 5),
(113, 50000, '249', 5),
(114, 50000, '250', 5),
(115, 50000, '236', 6),
(116, 50000, '237', 6),
(117, 50000, '238', 6),
(118, 50000, '239', 6),
(119, 50000, '240', 6),
(120, 50000, '241', 6),
(121, 50000, '242', 6),
(122, 50000, '243', 6),
(123, 50000, '244', 6),
(124, 50000, '245', 6),
(125, 8989899, '246', 6),
(126, 50000, '247', 6),
(127, 50000, '248', 6),
(128, 50000, '249', 6),
(129, 50000, '250', 6),
(130, 50000, '201', 7),
(131, 50000, '202', 7),
(132, 50000, '202-01', 7),
(133, 50000, '202-02', 7),
(134, 50000, '202-03', 7),
(135, 50000, '202-04', 7),
(136, 50000, '202-05', 7),
(137, 50000, '202-06', 7),
(138, 50000, '203', 7),
(139, 50000, '204', 7),
(140, 50000, '205', 7),
(141, 50000, '206', 7),
(142, 50000, '207', 7),
(143, 50000, '208', 7),
(144, 50000, '209', 7),
(145, 50000, '210', 7),
(146, 50000, '211', 7),
(147, 50000, '212', 7),
(148, 50000, '213', 7),
(149, 50000, '214', 7),
(150, 50000, '215', 7),
(151, 50000, '216', 7),
(152, 50000, '217', 7),
(153, 50000, '218', 7),
(154, 50000, '219', 7),
(155, 50000, '220', 7),
(156, 50000, '221', 7),
(157, 50000, '222', 7),
(158, 50000, '222-01', 7),
(159, 50000, '223', 7),
(160, 50000, '224', 7),
(161, 50000, '225', 7),
(162, 50000, '226', 7),
(163, 50000, '227', 7),
(164, 50000, '228', 7),
(165, 50000, '229', 7),
(166, 50000, '230', 7),
(167, 50000, '231', 7),
(168, 50000, '232', 7),
(169, 50000, '234', 7),
(170, 50000, '235', 7),
(171, 50000, '236', 7),
(172, 50000, '237', 7),
(173, 50000, '238', 7),
(174, 50000, '239', 7),
(175, 50000, '240', 7),
(176, 50000, '241', 7),
(177, 50000, '242', 7),
(178, 50000, '243', 7),
(179, 50000, '244', 7),
(180, 50000, '245', 7),
(181, 50000, '246', 7),
(182, 50000, '247', 7),
(183, 50000, '248', 7),
(184, 50000, '249', 7),
(185, 50000, '250', 7),
(186, 50000, '201', 8),
(187, 50000, '202', 8),
(188, 50000, '202-01', 8),
(189, 50000, '202-02', 8),
(190, 50000, '202-03', 8),
(191, 50000, '202-04', 8),
(192, 50000, '202-05', 8),
(193, 50000, '202-06', 8),
(194, 50000, '203', 8),
(195, 50000, '204', 8),
(196, 50000, '205', 8),
(197, 50000, '206', 8),
(198, 50000, '207', 8),
(199, 50000, '208', 8),
(200, 50000, '209', 8),
(201, 50000, '210', 8),
(202, 50000, '211', 8),
(203, 50000, '212', 8),
(204, 50000, '213', 8),
(205, 50000, '214', 8),
(206, 50000, '215', 8),
(207, 50000, '216', 8),
(208, 50000, '217', 8),
(209, 50000, '218', 8),
(210, 50000, '219', 8),
(211, 50000, '220', 8),
(212, 50000, '221', 8),
(213, 50000, '222', 8),
(214, 50000, '222-01', 8),
(215, 50000, '223', 8),
(216, 50000, '224', 8),
(217, 50000, '225', 8),
(218, 50000, '226', 8),
(219, 50000, '227', 8),
(220, 50000, '228', 8),
(221, 50000, '229', 8),
(222, 50000, '230', 8),
(223, 50000, '231', 8),
(224, 50000, '232', 8),
(225, 50000, '234', 8),
(226, 50000, '235', 8),
(227, 50000, '236', 8),
(228, 50000, '237', 8),
(229, 50000, '238', 8),
(230, 50000, '239', 8),
(231, 50000, '240', 8),
(232, 50000, '241', 8),
(233, 50000, '242', 8),
(234, 50000, '243', 8),
(235, 50000, '244', 8),
(236, 50000, '245', 8),
(237, 50000, '246', 8),
(238, 50000, '247', 8),
(239, 50000, '248', 8),
(240, 50000, '249', 8),
(241, 50000, '250', 8),
(242, 50000, '251', 8),
(243, 50000, '201', 6),
(244, 50000, '202', 6),
(245, 50000, '202-01', 6),
(246, 50000, '202-02', 6),
(247, 50000, '202-03', 6),
(248, 50000, '202-04', 6),
(249, 50000, '202-05', 6),
(250, 50000, '202-06', 6),
(251, 50000, '203', 6),
(252, 50000, '204', 6),
(253, 50000, '205', 6),
(254, 50000, '210', 6),
(255, 878878, '211', 6),
(256, 50000, '213', 6),
(257, 50000, '214', 6),
(258, 50000, '215', 6),
(259, 50000, '216', 6),
(260, 50000, '217', 6),
(261, 50000, '218', 6),
(262, 50000, '219', 6),
(263, 50000, '220', 6),
(264, 50000, '221', 6),
(265, 50000, '222', 6),
(266, 50000, '222-01', 6),
(267, 50000, '223', 6),
(268, 50000, '224', 6),
(269, 50000, '225', 6),
(270, 50000, '226', 6),
(271, 50000, '227', 6),
(272, 50000, '228', 6),
(273, 50000, '229', 6),
(274, 50000, '230', 6),
(275, 50000, '231', 6),
(276, 50000, '232', 6),
(277, 50000, '234', 6),
(278, 50000, '235', 6),
(279, 50000, '236', 6),
(280, 50000, '237', 6),
(281, 50000, '238', 6),
(282, 50000, '239', 6),
(283, 50000, '240', 6),
(284, 50000, '241', 6),
(285, 50000, '242', 6),
(286, 50000, '243', 6),
(287, 50000, '244', 6),
(288, 50000, '245', 6),
(289, 50000, '246', 6),
(290, 50000, '247', 6),
(291, 50000, '248', 6),
(292, 50000, '249', 6),
(293, 50000, '250', 6),
(294, 50000, '251', 6),
(295, 50000, '201', 7),
(296, 50000, '202', 7),
(297, 50000, '202-01', 7),
(298, 50000, '202-02', 7),
(299, 50000, '202-03', 7),
(300, 50000, '202-04', 7),
(301, 50000, '202-05', 7),
(302, 50000, '202-06', 7),
(303, 50000, '203', 7),
(304, 50000, '204', 7),
(305, 50000, '205', 7),
(306, 50000, '206', 7),
(307, 50000, '207', 7),
(308, 50000, '208', 7),
(309, 50000, '209', 7),
(310, 50000, '210', 7),
(311, 50000, '211', 7),
(312, 50000, '212', 7),
(313, 50000, '213', 7),
(314, 50000, '214', 7),
(315, 50000, '215', 7),
(316, 50000, '216', 7),
(317, 50000, '217', 7),
(318, 50000, '218', 7),
(319, 50000, '219', 7),
(320, 50000, '220', 7),
(321, 50000, '221', 7),
(322, 50000, '222', 7),
(323, 50000, '222-01', 7),
(324, 50000, '223', 7),
(325, 50000, '224', 7),
(326, 50000, '225', 7),
(327, 50000, '226', 7),
(328, 50000, '227', 7),
(329, 50000, '228', 7),
(330, 50000, '229', 7),
(331, 50000, '230', 7),
(332, 50000, '231', 7),
(333, 50000, '232', 7),
(334, 50000, '234', 7),
(335, 50000, '235', 7),
(336, 50000, '236', 7),
(337, 50000, '237', 7),
(338, 50000, '238', 7),
(339, 50000, '239', 7),
(340, 50000, '240', 7),
(341, 50000, '241', 7),
(342, 50000, '242', 7),
(343, 50000, '243', 7),
(344, 50000, '244', 7),
(345, 50000, '245', 7),
(346, 50000, '246', 7),
(347, 50000, '247', 7),
(348, 50000, '248', 7),
(349, 50000, '249', 7),
(350, 50000, '250', 7),
(351, 50000, '251', 7),
(352, 50000, '201', 8),
(353, 50000, '202', 8),
(354, 50000, '202-01', 8),
(355, 50000, '202-02', 8),
(356, 50000, '202-03', 8),
(357, 50000, '202-04', 8),
(358, 50000, '202-05', 8),
(359, 50000, '202-06', 8),
(360, 50000, '203', 8),
(361, 50000, '204', 8),
(362, 50000, '205', 8),
(363, 50000, '206', 8),
(364, 50000, '207', 8),
(365, 50000, '208', 8),
(366, 50000, '209', 8),
(367, 50000, '210', 8),
(368, 50000, '211', 8),
(369, 50000, '212', 8),
(370, 50000, '213', 8),
(371, 50000, '214', 8),
(372, 50000, '215', 8),
(373, 50000, '216', 8),
(374, 50000, '217', 8),
(375, 50000, '218', 8),
(376, 50000, '219', 8),
(377, 50000, '220', 8),
(378, 50000, '221', 8),
(379, 50000, '222', 8),
(380, 50000, '222-01', 8),
(381, 50000, '223', 8),
(382, 50000, '224', 8),
(383, 50000, '225', 8),
(384, 50000, '226', 8),
(385, 50000, '227', 8),
(386, 50000, '228', 8),
(387, 50000, '229', 8),
(388, 50000, '230', 8),
(389, 50000, '231', 8),
(390, 50000, '232', 8),
(391, 50000, '234', 8),
(392, 50000, '235', 8),
(393, 50000, '236', 8),
(394, 50000, '237', 8),
(395, 50000, '238', 8),
(396, 50000, '239', 8),
(397, 50000, '240', 8),
(398, 50000, '241', 8),
(399, 50000, '242', 8),
(400, 50000, '243', 8),
(401, 50000, '244', 8),
(402, 50000, '245', 8),
(403, 50000, '246', 8),
(404, 50000, '247', 8),
(405, 50000, '248', 8),
(406, 50000, '249', 8),
(407, 50000, '250', 8),
(408, 50000, '251', 8),
(409, 50000, '201', 9),
(410, 50000, '202', 9),
(411, 50000, '202-01', 9),
(412, 50000, '202-02', 9),
(413, 50000, '202-03', 9),
(414, 50000, '202-04', 9),
(415, 50000, '202-05', 9),
(416, 50000, '202-06', 9),
(417, 50000, '203', 9),
(418, 50000, '204', 9),
(419, 50000, '205', 9),
(420, 50000, '206', 9),
(421, 50000, '207', 9),
(422, 50000, '208', 9),
(423, 50000, '209', 9),
(424, 50000, '210', 9),
(425, 50000, '211', 9),
(426, 50000, '212', 9),
(427, 50000, '213', 9),
(428, 50000, '214', 9),
(429, 50000, '215', 9),
(430, 50000, '216', 9),
(431, 50000, '217', 9),
(432, 50000, '218', 9),
(433, 50000, '219', 9),
(434, 50000, '220', 9),
(435, 50000, '221', 9),
(436, 50000, '222', 9),
(437, 50000, '222-01', 9),
(438, 50000, '223', 9),
(439, 50000, '224', 9),
(440, 50000, '225', 9),
(441, 50000, '226', 9),
(442, 50000, '227', 9),
(443, 50000, '228', 9),
(444, 50000, '229', 9),
(445, 50000, '230', 9),
(446, 50000, '231', 9),
(447, 50000, '232', 9),
(448, 50000, '234', 9),
(449, 50000, '235', 9),
(450, 50000, '236', 9),
(451, 50000, '237', 9),
(452, 50000, '238', 9),
(453, 50000, '239', 9),
(454, 50000, '240', 9),
(455, 50000, '241', 9),
(456, 50000, '242', 9),
(457, 50000, '243', 9),
(458, 50000, '244', 9),
(459, 50000, '245', 9),
(460, 50000, '246', 9),
(461, 50000, '247', 9),
(462, 50000, '248', 9),
(463, 50000, '249', 9),
(464, 50000, '250', 9),
(465, 50000, '251', 9),
(466, 50000, '201', 10),
(467, 50000, '202', 10),
(468, 50000, '202-01', 10),
(469, 50000, '202-02', 10),
(470, 50000, '202-03', 10),
(471, 50000, '202-04', 10),
(472, 50000, '202-05', 10),
(473, 50000, '202-06', 10),
(474, 50000, '203', 10),
(475, 50000, '204', 10),
(476, 50000, '205', 10),
(477, 50000, '206', 10),
(478, 50000, '207', 10),
(479, 50000, '208', 10),
(480, 50000, '209', 10),
(481, 50000, '210', 10),
(482, 50000, '211', 10),
(483, 50000, '212', 10),
(484, 50000, '213', 10),
(485, 50000, '214', 10),
(486, 50000, '215', 10),
(487, 50000, '216', 10),
(488, 50000, '217', 10),
(489, 50000, '218', 10),
(490, 50000, '219', 10),
(491, 50000, '220', 10),
(492, 50000, '221', 10),
(493, 50000, '222', 10),
(494, 50000, '222-01', 10),
(495, 50000, '223', 10),
(496, 50000, '224', 10),
(497, 50000, '225', 10),
(498, 50000, '226', 10),
(499, 50000, '227', 10),
(500, 50000, '228', 10),
(501, 50000, '229', 10),
(502, 50000, '230', 10),
(503, 50000, '231', 10),
(504, 50000, '232', 10),
(505, 50000, '234', 10),
(506, 50000, '235', 10),
(507, 50000, '236', 10),
(508, 50000, '237', 10),
(509, 50000, '238', 10),
(510, 50000, '239', 10),
(511, 50000, '240', 10),
(512, 50000, '241', 10),
(513, 50000, '242', 10),
(514, 50000, '243', 10),
(515, 50000, '244', 10),
(516, 50000, '245', 10),
(517, 50000, '246', 10),
(518, 50000, '247', 10),
(519, 50000, '248', 10),
(520, 50000, '249', 10),
(521, 50000, '250', 10),
(522, 50000, '251', 10),
(523, 50000, '202-01', 11),
(524, 50000, '202-02', 11),
(525, 50000, '202-03', 11),
(526, 50000, '202-05', 11),
(527, 50000, '202-06', 11),
(528, 50000, '203', 11),
(529, 50000, '204', 11),
(530, 50000, '205', 11),
(531, 50000, '206', 11),
(532, 50000, '207', 11),
(533, 50000, '208', 11),
(534, 50000, '209', 11),
(535, 50000, '210', 11),
(536, 50000, '211', 11),
(537, 50000, '212', 11),
(538, 50000, '213', 11),
(539, 50000, '214', 11),
(540, 50000, '215', 11),
(541, 50000, '216', 11),
(542, 50000, '217', 11),
(543, 50000, '218', 11),
(544, 50000, '219', 11),
(545, 50000, '220', 11),
(546, 50000, '221', 11),
(547, 50000, '222', 11),
(548, 50000, '222-01', 11),
(549, 50000, '223', 11),
(550, 50000, '224', 11),
(551, 50000, '225', 11),
(552, 50000, '226', 11),
(553, 50000, '227', 11),
(554, 50000, '228', 11),
(555, 50000, '229', 11),
(556, 50000, '230', 11),
(557, 50000, '231', 11),
(558, 50000, '232', 11),
(559, 50000, '234', 11),
(560, 50000, '235', 11),
(561, 50000, '236', 11),
(562, 50000, '237', 11),
(563, 50000, '238', 11),
(564, 50000, '239', 11),
(565, 50000, '240', 11),
(566, 50000, '241', 11),
(567, 50000, '242', 11),
(568, 50000, '243', 11),
(569, 50000, '244', 11),
(570, 50000, '245', 11),
(571, 50000, '246', 11),
(572, 50000, '247', 11),
(573, 50000, '248', 11),
(574, 50000, '249', 11),
(575, 50000, '250', 11),
(576, 50000, '251', 11),
(577, 50000, '201', 13),
(578, 50000, '202', 13),
(579, 50000, '202-01', 13),
(580, 50000, '202-02', 13),
(581, 50000, '202-03', 13),
(582, 50000, '202-04', 13),
(583, 50000, '202-05', 13),
(584, 50000, '202-06', 13),
(585, 50000, '203', 13),
(586, 50000, '204', 13),
(587, 50000, '205', 13),
(588, 50000, '206', 13),
(589, 50000, '207', 13),
(590, 50000, '208', 13),
(591, 50000, '209', 13),
(592, 50000, '210', 13),
(593, 50000, '211', 13),
(594, 50000, '212', 13),
(595, 50000, '213', 13),
(596, 50000, '214', 13),
(597, 50000, '215', 13),
(598, 50000, '216', 13),
(599, 50000, '217', 13),
(600, 50000, '218', 13),
(601, 50000, '219', 13),
(602, 50000, '220', 13),
(603, 50000, '221', 13),
(604, 50000, '222', 13),
(605, 50000, '222-01', 13),
(606, 50000, '223', 13),
(607, 50000, '224', 13),
(608, 50000, '225', 13),
(609, 50000, '226', 13),
(610, 50000, '227', 13),
(611, 50000, '228', 13),
(612, 50000, '229', 13),
(613, 50000, '230', 13),
(614, 50000, '231', 13),
(615, 50000, '232', 13),
(616, 50000, '234', 13),
(617, 50000, '235', 13),
(618, 50000, '236', 13),
(619, 50000, '237', 13),
(620, 50000, '238', 13),
(621, 50000, '239', 13),
(622, 50000, '240', 13),
(623, 50000, '241', 13),
(624, 50000, '242', 13),
(625, 50000, '243', 13),
(626, 50000, '244', 13),
(627, 50000, '245', 13),
(628, 50000, '246', 13),
(629, 50000, '247', 13),
(630, 50000, '248', 13),
(631, 50000, '249', 13),
(632, 50000, '250', 13),
(633, 50000, '251', 13),
(862, 50000, '201', 18),
(863, 50000, '202', 18),
(864, 50000, '202-01', 18),
(865, 50000, '202-02', 18),
(866, 50000, '202-03', 18),
(867, 50000, '202-04', 18),
(868, 50000, '202-05', 18),
(869, 50000, '202-06', 18),
(870, 50000, '203', 18),
(871, 50000, '204', 18),
(872, 50000, '205', 18),
(873, 50000, '206', 18),
(874, 50000, '207', 18),
(875, 50000, '208', 18),
(876, 50000, '209', 18),
(877, 50000, '210', 18),
(878, 50000, '211', 18),
(879, 50000, '212', 18),
(880, 50000, '213', 18),
(881, 50000, '214', 18),
(882, 50000, '215', 18),
(883, 50000, '216', 18),
(884, 50000, '217', 18),
(885, 50000, '218', 18),
(886, 50000, '219', 18),
(887, 50000, '220', 18),
(888, 50000, '221', 18),
(889, 50000, '222', 18),
(890, 50000, '222-01', 18),
(891, 50000, '223', 18),
(892, 50000, '224', 18),
(893, 50000, '225', 18),
(894, 50000, '226', 18),
(895, 50000, '227', 18),
(896, 50000, '228', 18),
(897, 50000, '229', 18),
(898, 50000, '230', 18),
(899, 50000, '231', 18),
(900, 50000, '232', 18),
(901, 50000, '234', 18),
(902, 50000, '235', 18),
(903, 50000, '236', 18),
(904, 50000, '237', 18),
(905, 50000, '238', 18),
(906, 50000, '239', 18),
(907, 50000, '240', 18),
(908, 50000, '241', 18),
(909, 50000, '242', 18),
(910, 50000, '243', 18),
(911, 50000, '244', 18),
(912, 50000, '245', 18),
(913, 50000, '246', 18),
(914, 50000, '247', 18),
(915, 50000, '248', 18),
(916, 50000, '249', 18),
(917, 50000, '250', 18),
(918, 50000, '251', 18),
(919, 50000, '201', 19),
(920, 50000, '202', 19),
(921, 50000, '202-01', 19),
(922, 50000, '202-02', 19),
(923, 50000, '202-03', 19),
(924, 50000, '202-04', 19),
(925, 50000, '202-05', 19),
(926, 50000, '202-06', 19),
(927, 50000, '203', 19),
(928, 50000, '204', 19),
(929, 50000, '205', 19),
(930, 50000, '206', 19),
(931, 50000, '207', 19),
(932, 50000, '208', 19),
(933, 50000, '209', 19),
(934, 50000, '210', 19),
(935, 50000, '211', 19),
(936, 50000, '212', 19),
(937, 50000, '213', 19),
(938, 50000, '214', 19),
(939, 50000, '215', 19),
(940, 50000, '216', 19),
(941, 50000, '217', 19),
(942, 50000, '218', 19),
(943, 50000, '219', 19),
(944, 50000, '220', 19),
(945, 50000, '221', 19),
(946, 50000, '222', 19),
(947, 50000, '222-01', 19),
(948, 50000, '223', 19),
(949, 50000, '224', 19),
(950, 50000, '225', 19),
(951, 50000, '226', 19),
(952, 50000, '227', 19),
(953, 50000, '228', 19),
(954, 50000, '229', 19),
(955, 50000, '230', 19),
(956, 50000, '231', 19),
(957, 50000, '232', 19),
(958, 50000, '234', 19),
(959, 50000, '235', 19),
(960, 50000, '236', 19),
(961, 50000, '237', 19),
(962, 50000, '238', 19),
(963, 50000, '239', 19),
(964, 50000, '240', 19),
(965, 50000, '241', 19),
(966, 50000, '242', 19),
(967, 50000, '243', 19),
(968, 50000, '244', 19),
(969, 50000, '245', 19),
(970, 50000, '246', 19),
(971, 50000, '247', 19),
(972, 50000, '248', 19),
(973, 50000, '249', 19),
(974, 50000, '250', 19),
(975, 50000, '251', 19),
(976, 50000, '201', 19),
(977, 50000, '202', 19),
(978, 50000, '202-01', 19),
(979, 50000, '202-02', 19),
(980, 50000, '202-03', 19),
(981, 50000, '202-04', 19),
(982, 50000, '202-05', 19),
(983, 50000, '202-06', 19),
(984, 50000, '203', 19),
(985, 50000, '204', 19),
(986, 50000, '205', 19),
(987, 50000, '206', 19),
(988, 50000, '207', 19),
(989, 50000, '208', 19),
(990, 50000, '209', 19),
(991, 50000, '210', 19),
(992, 50000, '211', 19),
(993, 50000, '212', 19),
(994, 50000, '213', 19),
(995, 50000, '214', 19),
(996, 50000, '215', 19),
(997, 50000, '216', 19),
(998, 50000, '217', 19),
(999, 50000, '218', 19),
(1000, 50000, '219', 19),
(1001, 50000, '220', 19),
(1002, 50000, '221', 19),
(1003, 50000, '222', 19),
(1004, 50000, '222-01', 19),
(1005, 50000, '223', 19),
(1006, 50000, '224', 19),
(1007, 50000, '225', 19),
(1008, 50000, '226', 19),
(1009, 50000, '227', 19),
(1010, 50000, '228', 19),
(1011, 50000, '229', 19),
(1012, 50000, '230', 19),
(1013, 50000, '231', 19),
(1014, 50000, '232', 19),
(1015, 50000, '234', 19),
(1016, 50000, '235', 19),
(1017, 50000, '236', 19),
(1018, 50000, '237', 19),
(1019, 50000, '238', 19),
(1020, 50000, '239', 19),
(1021, 50000, '240', 19),
(1022, 50000, '241', 19),
(1023, 50000, '242', 19),
(1024, 50000, '243', 19),
(1025, 50000, '244', 19),
(1026, 50000, '245', 19),
(1027, 50000, '246', 19),
(1028, 50000, '247', 19),
(1029, 50000, '248', 19),
(1030, 50000, '249', 19),
(1031, 50000, '250', 19),
(1032, 50000, '251', 19),
(1033, 1111, '202-02', 24),
(1034, 50000, '202-03', 24),
(1035, 50000, '202-04', 24),
(1036, 50000, '202-05', 24),
(1037, 50000, '202-06', 24),
(1038, 50000, '203', 24),
(1039, 50000, '204', 24),
(1040, 50000, '205', 24),
(1041, 50000, '206', 24),
(1042, 50000, '207', 24),
(1043, 50000, '208', 24),
(1044, 50000, '209', 24),
(1045, 50000, '210', 24),
(1046, 50000, '211', 24),
(1047, 50000, '212', 24),
(1048, 50000, '213', 24),
(1049, 50000, '214', 24),
(1050, 50000, '215', 24),
(1051, 50000, '216', 24),
(1052, 50000, '217', 24),
(1053, 50000, '218', 24),
(1054, 50000, '219', 24),
(1055, 50000, '220', 24),
(1056, 50000, '221', 24),
(1057, 50000, '222', 24),
(1058, 50000, '222-01', 24),
(1059, 50000, '223', 24),
(1060, 50000, '224', 24),
(1061, 50000, '225', 24),
(1062, 50000, '226', 24),
(1063, 50000, '227', 24),
(1064, 50000, '228', 24),
(1065, 50000, '229', 24),
(1066, 50000, '230', 24),
(1067, 50000, '231', 24),
(1068, 50000, '232', 24),
(1069, 50000, '234', 24),
(1070, 50000, '235', 24),
(1071, 50000, '236', 24),
(1072, 50000, '237', 24),
(1073, 50000, '238', 24),
(1074, 50000, '239', 24),
(1075, 50000, '240', 24),
(1076, 50000, '241', 24),
(1077, 50000, '242', 24),
(1078, 50000, '243', 24),
(1079, 50000, '244', 24),
(1080, 50000, '245', 24),
(1081, 50000, '246', 24),
(1082, 50000, '247', 24),
(1083, 50000, '248', 24),
(1084, 50000, '249', 24),
(1085, 50000, '250', 24),
(1086, 50000, '251', 24);

-- --------------------------------------------------------

--
-- Table structure for table `anggaran`
--

CREATE TABLE IF NOT EXISTS `anggaran` (
  `kode` varchar(6) NOT NULL,
  `kelompokanggaran` varchar(6) NOT NULL,
  PRIMARY KEY  (`kode`)
) ENGINE=InnoDB DEFAULT CHARSET=latin1;

--
-- Dumping data for table `anggaran`
--

INSERT INTO `anggaran` (`kode`, `kelompokanggaran`) VALUES
('A001', '1'),
('A002', '2'),
('A003', '3'),
('A004', '4'),
('A005', '5'),
('A006', '1'),
('A007', '3');

-- --------------------------------------------------------

--
-- Table structure for table `biaya`
--

CREATE TABLE IF NOT EXISTS `biaya` (
  `kode` varchar(6) NOT NULL,
  `namajenisbiaya` varchar(30) NOT NULL,
  `satuan` varchar(10) NOT NULL,
  `idanggaran` varchar(6) NOT NULL,
  PRIMARY KEY  (`kode`),
  KEY `idanggaran` (`idanggaran`)
) ENGINE=InnoDB DEFAULT CHARSET=latin1;

--
-- Dumping data for table `biaya`
--


-- --------------------------------------------------------

--
-- Table structure for table `daftaralat`
--

CREATE TABLE IF NOT EXISTS `daftaralat` (
  `id` int(11) NOT NULL auto_increment,
  `nama` varchar(50) NOT NULL,
  `idproyek` int(11) NOT NULL,
  PRIMARY KEY  (`id`),
  KEY `idproyek` (`idproyek`)
) ENGINE=InnoDB  DEFAULT CHARSET=latin1 AUTO_INCREMENT=25 ;

--
-- Dumping data for table `daftaralat`
--

INSERT INTO `daftaralat` (`id`, `nama`, `idproyek`) VALUES
(1, 'daftar 2016-1', 1),
(2, 'daftar 2016-2', 2),
(3, 'daftar 2016-3', 1),
(5, 'coba-coba', 13),
(6, 'Proyekkkekekekekek', 14),
(7, 'proyeke mase', 15),
(8, 'sadsdad', 16),
(9, 'sadsdad-2', 16),
(10, 'proyeknya ari', 17),
(11, 'proy1', 18),
(12, 'proy1-2', 18),
(13, 'proyex', 19),
(18, 'proyek heboh', 22),
(19, 'proyek rumah', 24),
(20, 'proyek rumah-2', 24),
(21, 'proyek rumah-3', 24),
(22, 'proyek rumah-4', 24),
(23, 'proyek rumah-5', 24),
(24, 'Q', 25);

-- --------------------------------------------------------

--
-- Table structure for table `daftarmaterial`
--

CREATE TABLE IF NOT EXISTS `daftarmaterial` (
  `id` int(11) NOT NULL auto_increment,
  `nama` varchar(50) NOT NULL,
  `idproyek` int(11) NOT NULL,
  PRIMARY KEY  (`id`),
  KEY `idproyek` (`idproyek`)
) ENGINE=InnoDB  DEFAULT CHARSET=latin1 AUTO_INCREMENT=8 ;

--
-- Dumping data for table `daftarmaterial`
--

INSERT INTO `daftarmaterial` (`id`, `nama`, `idproyek`) VALUES
(1, 'daftar 2016-1', 1),
(2, 'daftar 2016-2', 2),
(3, 'daftar 2016-3', 1),
(4, 'coba-coba', 13),
(5, 'Proyekkkekekekekek', 14),
(6, 'proyek rumah', 24),
(7, 'Q', 25);

-- --------------------------------------------------------

--
-- Table structure for table `daftarupah`
--

CREATE TABLE IF NOT EXISTS `daftarupah` (
  `id` int(11) NOT NULL auto_increment,
  `nama` varchar(50) NOT NULL,
  `idproyek` int(11) NOT NULL,
  PRIMARY KEY  (`id`),
  KEY `idproyek` (`idproyek`)
) ENGINE=InnoDB  DEFAULT CHARSET=latin1 AUTO_INCREMENT=8 ;

--
-- Dumping data for table `daftarupah`
--

INSERT INTO `daftarupah` (`id`, `nama`, `idproyek`) VALUES
(1, 'daftar 2016-1', 1),
(2, 'daftar 2016-2', 2),
(3, 'daftar 2016-3', 1),
(4, 'coba-coba', 13),
(5, 'Proyekkkekekekekek', 14),
(6, 'proyek rumah', 24),
(7, 'Q', 25);

-- --------------------------------------------------------

--
-- Table structure for table `material`
--

CREATE TABLE IF NOT EXISTS `material` (
  `kode` varchar(6) NOT NULL,
  `nama` varchar(30) NOT NULL,
  `satuan` varchar(10) NOT NULL,
  `kelompok` varchar(6) NOT NULL,
  PRIMARY KEY  (`kode`)
) ENGINE=InnoDB DEFAULT CHARSET=latin1;

--
-- Dumping data for table `material`
--

INSERT INTO `material` (`kode`, `nama`, `satuan`, `kelompok`) VALUES
('101', 'Besi Polos', 'btg', '01'),
('101-08', 'Besi KSLL Dia 8', 'btg', '01'),
('101-10', 'Besi KSLL Dia 10', 'btg', '01'),
('101-12', 'Besi KSLL Dia 12', 'btg', '01'),
('101-16', 'Besi KSLL Dia 16', 'btg', '01'),
('101-19', 'Besi KSLL Dia 19', 'btg', '01'),
('101-22', 'Besi KSLL Dia 22', 'btg', '01'),
('101-25', 'Besi KSLL Dia 25', 'btg', '01'),
('102', 'Besi Ulir', 'btg', '01'),
('102-08', 'Besi Ulir 8 mm', 'btg', '01'),
('102-10', 'Besi Ulir 10 mm', 'btg', '01'),
('102-12', 'Besi Ulir 12 mm', 'Btg', '01'),
('102-16', 'Besi Ulir 16 mm', 'btg', '01'),
('102-19', 'Besi Ulir 19 mm', 'btg', '01'),
('102-22', 'Besi Ulir 22 mm', 'btg', '01'),
('102-25', 'Besi Ulir 25 mm', 'btg', '01'),
('103', 'Paku', 'kg', '03'),
('103-01', 'Paku scrup', 'kg', '03'),
('103-04', 'Paku 4"', 'kg', '03'),
('103-05', 'Paku 5"', 'kg', '03'),
('103-07', 'Paku 7"', 'kg', '03'),
('103-10', 'Paku 10"', 'kg', '03'),
('104', 'Kawat', 'kg', '03'),
('104-01', 'Kawat Bendrat', 'kg', '03'),
('104-02', 'Kawat Putih', 'kg', '03'),
('105', 'Beton Ready Mix', 'm3', '03'),
('105-01', 'Rabat Beton K-125 / B0', 'm3', '03'),
('105-02', 'Beton K225', 'm3', '03'),
('105-03', 'Beton k250', 'm3', '03'),
('105-04', 'Beton K275', 'm3', '03'),
('105-05', 'Beton K300', 'm3', '03'),
('105-06', 'Beton K350', 'm3', '03'),
('106', 'Additif', 'm3', '03'),
('106-01', 'Integral Water Pofing', 'm3', '03'),
('106-02', 'Water Stop', 'm', '03'),
('106-03', 'Calbon / lembeton', 'kg', '03'),
('107', 'BBM', 'ltr', '03'),
('107-01', 'Bensin', 'ltr', '03'),
('107-02', 'Sollar', 'ltr', '03'),
('108', 'Pelumas', 'ltr', '03'),
('108-01', 'Olie Bekas', 'ltr', '03'),
('108-02', 'Olie Mesin', 'ltr', '03'),
('109', 'Multiplex', 'lbr', '03'),
('109-03', 'Multiplex 3 mm', 'lbr', '03'),
('109-04', 'Multiplex 4 mm', 'lbr', '03'),
('109-09', 'Multiplex 9 mm', 'lbr', '03'),
('109-12', 'Multiplex 12 mm', 'lbr', '03'),
('110', 'Seng', 'lbr', '03'),
('110-01', 'Seng 180 cm', 'lbr', '03'),
('110-02', 'Seng 210 cm', 'lbr', '03'),
('110-03', 'Seng 240 cm', 'lbr', '03'),
('111', 'Semen', 'kg', '03'),
('111-01', 'Semen Natural/40 kg', 'zak', '03'),
('111-02', 'Semen Putih/40 kg', 'zak', '03'),
('111-03', 'Semen Natural/50 kg', 'zak', '03'),
('112', 'Cat', 'kg', '03'),
('112-01', 'Cat Kayu', 'kg', '03'),
('112-02', 'Cat Besi', 'kg', '03'),
('113', 'Wiremesh', 'kg', '03'),
('113-01', 'Wiremesh UM 7', 'kg', '03'),
('113-02', 'Wiremesh UM 10', 'kg', '03'),
('114', 'Benang', 'roll', '03'),
('114-01', 'Benang Nilon', 'roll', '03'),
('114-02', 'Benang Putih', 'roll', '03'),
('115', 'Hollow', 'btg', '03'),
('115-01', 'Hollow 2 cm', 'btg', '03'),
('116', 'Kayu', 'm3', '02'),
('116-01', 'Kayu 5/5', 'm3', '02'),
('116-02', 'Kayu 5/7', 'm3', '02'),
('116-03', 'Kayu 5/10', 'm3', '02'),
('116-04', 'Kayu 10/10', 'm3', '02'),
('116-05', 'Kayu 10/12', 'm3', '02'),
('117', 'Papan Kayu', 'm3', '02'),
('117-01', 'Papan Kayu 2/20', 'm3', '02'),
('117-02', 'Papan Kayu 3/20', 'm3', '02'),
('118', 'Kapur Tulis', 'kotak', '03'),
('118-01', 'Kapur Tulis Putih', 'kotak', '03'),
('118-02', 'Kapur Tulis Berwarna', 'kotak', '03'),
('119', 'Dolken', 'btg', '02'),
('119-08', 'Dolken D 8 cm', 'btg', '02'),
('119-10', 'Dolken D 10 cm', 'btg', '02'),
('120', 'Pasir', 'm3', '02'),
('120-01', 'Pasir Beton', 'm3', '02'),
('120-02', 'Pasir Pasang', 'm3', '02'),
('120-03', 'Pasir Urug', 'm3', '02'),
('121', 'Tanah', 'm3', '02'),
('121-01', 'Tanah Urug', 'm3', '02'),
('122', 'Sirtu', 'm3', '02'),
('122-01', 'Sirtu 2/3', 'm3', '02'),
('123', 'Split', 'm3', '02'),
('123-01', 'Split 1/2', 'm3', '02'),
('123-02', 'Split 2/3', 'm3', '02'),
('123-03', 'Split 3/5', 'm3', '02'),
('123-04', 'Split 5/7', 'm3', '02'),
('124', 'Kerikil', 'm3', '02'),
('124-01', 'Kerikil 1/2', 'm3', '02'),
('124-02', 'Kerikil 2/3', 'm3', '02'),
('124-03', 'Kerikil 3/5', 'm3', '02'),
('124-04', 'Kerikil 5/7', 'm3', '02'),
('125', 'Batu Belah', 'cm', '02'),
('125-01', 'Batu Belah 10/15', 'cm', '02'),
('126', 'Batu Bata', 'bh', '03'),
('126-01', 'Batu Bata', 'bh', '03'),
('127', 'Batako', 'bh', '03'),
('127-01', 'Batako', 'bh', '03'),
('128', 'Batu Kapur/Lime Stone', 'm3', '02'),
('128-01', 'Batu Kapur/Lime Stone', 'm3', '02'),
('129', 'Base Coarse', 'm3', '02'),
('129-01', 'Base Coarse', 'm3', '02'),
('130', 'Abu Batu', 'm3', '02'),
('130-01', 'Abu Batu', 'm3', '02'),
('131', 'Kaca Nako', 'set', '03'),
('131-01', 'Kaca Nako', 'set', '03'),
('132', 'Slot Pintu', 'set', '03'),
('132-01', 'Slot Pintu', 'set', '03'),
('133', 'Kunci Pintu', 'set', '03'),
('133-01', 'Kunci Pintu', 'set', '03'),
('134', 'Engsel', 'set', '03'),
('134-01', 'Engsel Pintu 4 "', 'set', '03'),
('134-02', 'Engsel Jendela 3 "', 'set', '03'),
('135', 'Hak Angin', 'set', '03'),
('135-01', 'Hak Angin', 'set', '03'),
('136', 'Grendel', 'set', '03'),
('137', 'Kunci tanam 2 slaag', 'set', '03'),
('138', 'Cat Dinding', 'm2', '03'),
('138-01', 'Plamur tembok', 'kg', '03'),
('138-02', 'Amplas', 'lbr', '03'),
('138-03', 'Cat Tembok', 'Kg', '03'),
('139', 'Cat Kusen', 'm2', '03'),
('139-01', 'Cat Meni', 'kg', '03'),
('139-02', 'Plamur kayu', 'kg', '03'),
('139-03', 'Amplas', 'lbr', '03'),
('139-04', 'Cat Kayu', 'kg', '03'),
('139-05', 'Minyak Cat', 'ltr', '03'),
('140', 'Pipa PVC', 'btg', '03'),
('140-01', 'Pipa PVC 1"', 'btg', '03'),
('140-02', 'Pipa PVC 1/2"', 'btg', '03'),
('140-03', 'Pipa PVC 3/4"', 'btg', '03'),
('140-04', 'Pipa PVC 1,5"', 'btg', '03'),
('140-05', 'Pipa PVC Klas AW 4 "', 'btg', '03'),
('140-06', 'Pipa PVC Klas AW 2,5 "', 'btg', '03'),
('141', 'Knee PVC', 'bh', '03'),
('141-02', 'Knee PVC 1/2"', 'bh', '03'),
('141-03', 'Knee PVC 3/4"', 'bh', '03'),
('141-04', 'Knee PVC 1.5"', 'bh', '03'),
('142', 'SDD PVC', 'bh', '03'),
('142-01', 'SDD PVC 1"', 'bh', '03'),
('142-02', 'SDD PVC 1,5"', 'bh', '03'),
('143', 'Tee PVC', 'bh', '03'),
('143-01', 'Tee PVC 1"', 'bh', '03'),
('143-02', 'Tee PVC 3/4"', 'bh', '03'),
('143-03', 'Tee PVC 1,5"', 'bh', '03'),
('143-04', 'Tee PVC 4"', 'bh', '03'),
('143-05', 'Tee PVC 2,5"', 'bh', '03'),
('144', 'Reduser', 'bh', '03'),
('144-01', 'Reduser 3/4"x1"', 'bh', '03'),
('144-02', 'Reduser 1/2" x 3/4"', 'bh', '03'),
('144-03', 'Reduser 1" x 1,5"', 'bh', '03'),
('145', 'Elbow', 'bh', '03'),
('145-01', 'Elbow PVC 4"', 'bh', '03'),
('145-02', 'Elbow PVC 2,5"', 'bh', '03'),
('146', 'Lem PVC', 'kg', '03'),
('147', 'Isolatif', 'kotak', '03'),
('148', 'Rangka Hollow 4x4', 'btg', '03'),
('149', 'Gypsum 9 mm', 'lbr', '03'),
('150', 'Cornis', 'kg', '03'),
('151', 'List Gypsum 7x7 cm', 'btg', '03'),
('152', 'Lakban', 'Roll', '03'),
('153', 'Accesoris Listrik', 'Ls', '03'),
('153-01', 'TV outlet', 'bh', '03'),
('153-02', 'Telpon outlet', 'bh', '03'),
('153-03', 'lampu pijar', 'bh', '03'),
('153-04', 'Pitingan kotak', 'bh', '03'),
('153-05', 'Stop kontak', 'bh', '03'),
('153-06', 'Stop kontak AC', 'bh', '03'),
('153-07', 'Saklar Tunggal', 'bh', '03'),
('153-08', 'Saklar Ganda', 'bh', '03'),
('153-09', 'Box Sikring', 'bh', '03'),
('153-10', 'MCB', 'bh', '03'),
('153-11', 'Kotak Out Bouw', 'bh', '03'),
('154', 'Accesoris KM/WC', 'ls', '03'),
('154-01', 'Wastafel komplit', 'unit', '03'),
('154-02', 'Kloset duduk', 'bh', '03'),
('154-03', 'Kran air', 'bh', '03'),
('154-04', 'Floor Drain 3"', 'bh', '03'),
('154-05', 'Roof Drain Stainlist Steel 3"', 'bh', '03'),
('154-06', 'Kitchen Zink', 'bh', '03'),
('154-07', 'Bak Mandi Fiber', 'bh', '03'),
('154-08', 'Kran Kitchen Zink', 'bh', '03'),
('154-09', 'Pintu PVC Km/WC', 'bh', '03'),
('155', 'Kusen', 'unit', '03'),
('155-01', 'Kusen Pintu', 'unit', '03'),
('155-02', 'Kusen Jendela', 'unit', '03'),
('156', 'Daun Pintu', 'bh', '03'),
('157', 'Daun Jendela', 'bh', '03'),
('158', 'Keramik', 'm2', '03'),
('158-01', 'Keramik 30 x 30', 'm2', '03'),
('158-02', 'Keramik 20 x 25', 'm2', '03'),
('158-03', 'Keramik 20 x 20', 'm2', '03'),
('159', 'Genteng', 'bh', '03'),
('159-01', 'Genteng Nak', 'bh', '01'),
('160', 'List Plank', 'm', '02'),
('161', 'Calsyboard 9 mm', 'lbr', '03'),
('162', 'Rangka atap baja', 'm2', '03'),
('163', 'Atap Zincalum', 'm2', '03'),
('164', 'pipa', 'm', '03');

-- --------------------------------------------------------

--
-- Table structure for table `material_daftarmaterial`
--

CREATE TABLE IF NOT EXISTS `material_daftarmaterial` (
  `kode` varchar(6) NOT NULL,
  `iddaftarmaterial` int(11) NOT NULL,
  `harga` int(11) NOT NULL,
  PRIMARY KEY  (`kode`,`iddaftarmaterial`),
  KEY `iddaftarmaterial` (`iddaftarmaterial`),
  KEY `kode` (`kode`),
  KEY `iddaftarmaterial_2` (`iddaftarmaterial`)
) ENGINE=InnoDB DEFAULT CHARSET=latin1;

--
-- Dumping data for table `material_daftarmaterial`
--

INSERT INTO `material_daftarmaterial` (`kode`, `iddaftarmaterial`, `harga`) VALUES
('101', 1, 9888),
('101', 4, 50000),
('101', 5, 50000),
('101', 6, 50000),
('101-08', 1, 8996),
('101-08', 4, 50000),
('101-08', 5, 50000),
('101-08', 6, 50000),
('101-08', 7, 50000),
('101-10', 4, 50000),
('101-10', 5, 50000),
('101-10', 6, 50000),
('101-10', 7, 50000),
('101-12', 4, 50000),
('101-12', 5, 50000),
('101-12', 6, 50000),
('101-12', 7, 50000),
('101-16', 4, 50000),
('101-16', 5, 50000),
('101-16', 6, 50000),
('101-16', 7, 50000),
('101-19', 1, 70000),
('101-19', 4, 50000),
('101-19', 5, 50000),
('101-19', 6, 50000),
('101-19', 7, 50000),
('101-22', 4, 50000),
('101-22', 5, 50000),
('101-22', 6, 50000),
('101-22', 7, 50000),
('101-25', 4, 50000),
('101-25', 5, 50000),
('101-25', 6, 50000),
('101-25', 7, 50000),
('102', 4, 50000),
('102', 5, 50000),
('102', 6, 50000),
('102', 7, 50000),
('102-08', 4, 50000),
('102-08', 5, 50000),
('102-08', 6, 50000),
('102-08', 7, 50000),
('102-10', 4, 50000),
('102-10', 5, 50000),
('102-10', 6, 50000),
('102-10', 7, 50000),
('102-12', 4, 50000),
('102-12', 5, 50000),
('102-12', 6, 50000),
('102-12', 7, 50000),
('102-16', 2, 78888),
('102-16', 4, 50000),
('102-16', 5, 50000),
('102-16', 6, 50000),
('102-16', 7, 50000),
('102-19', 4, 50000),
('102-19', 5, 50000),
('102-19', 6, 50000),
('102-19', 7, 50000),
('102-22', 4, 50000),
('102-22', 5, 50000),
('102-22', 6, 50000),
('102-22', 7, 50000),
('102-25', 4, 50000),
('102-25', 5, 50000),
('102-25', 6, 50000),
('102-25', 7, 50000),
('103', 4, 50000),
('103', 5, 50000),
('103', 6, 50000),
('103', 7, 50000),
('103-01', 4, 50000),
('103-01', 5, 50000),
('103-01', 6, 50000),
('103-01', 7, 50000),
('103-04', 4, 50000),
('103-04', 5, 50000),
('103-04', 6, 50000),
('103-04', 7, 50000),
('103-05', 4, 50000),
('103-05', 5, 50000),
('103-05', 6, 50000),
('103-05', 7, 50000),
('103-07', 4, 50000),
('103-07', 5, 50000),
('103-07', 6, 50000),
('103-07', 7, 50000),
('103-10', 4, 50000),
('103-10', 5, 50000),
('103-10', 6, 50000),
('103-10', 7, 50000),
('104', 4, 50000),
('104', 5, 50000),
('104', 6, 50000),
('104', 7, 50000),
('104-01', 4, 50000),
('104-01', 5, 50000),
('104-01', 6, 50000),
('104-01', 7, 50000),
('104-02', 4, 50000),
('104-02', 5, 50000),
('104-02', 6, 50000),
('104-02', 7, 50000),
('105', 4, 50000),
('105', 5, 50000),
('105', 6, 50000),
('105', 7, 50000),
('105-01', 4, 50000),
('105-01', 5, 50000),
('105-01', 6, 50000),
('105-01', 7, 50000),
('105-02', 4, 50000),
('105-02', 5, 50000),
('105-02', 6, 50000),
('105-02', 7, 50000),
('105-03', 4, 50000),
('105-03', 5, 50000),
('105-03', 6, 50000),
('105-03', 7, 50000),
('105-04', 4, 50000),
('105-04', 5, 50000),
('105-04', 6, 50000),
('105-04', 7, 50000),
('105-05', 4, 50000),
('105-05', 5, 50000),
('105-05', 6, 50000),
('105-05', 7, 50000),
('105-06', 4, 50000),
('105-06', 5, 50000),
('105-06', 6, 50000),
('105-06', 7, 50000),
('106', 4, 50000),
('106', 5, 50000),
('106', 6, 50000),
('106', 7, 50000),
('106-01', 4, 50000),
('106-01', 5, 50000),
('106-01', 6, 50000),
('106-01', 7, 50000),
('106-02', 4, 50000),
('106-02', 5, 50000),
('106-02', 6, 50000),
('106-02', 7, 50000),
('106-03', 4, 50000),
('106-03', 5, 50000),
('106-03', 6, 50000),
('106-03', 7, 50000),
('107', 4, 50000),
('107', 5, 50000),
('107', 6, 50000),
('107', 7, 50000),
('107-01', 4, 50000),
('107-01', 5, 50000),
('107-01', 6, 50000),
('107-01', 7, 50000),
('107-02', 4, 50000),
('107-02', 5, 50000),
('107-02', 6, 50000),
('107-02', 7, 50000),
('108', 4, 50000),
('108', 5, 50000),
('108', 6, 50000),
('108', 7, 50000),
('108-01', 4, 50000),
('108-01', 5, 50000),
('108-01', 6, 50000),
('108-01', 7, 50000),
('108-02', 4, 50000),
('108-02', 5, 50000),
('108-02', 6, 50000),
('108-02', 7, 50000),
('109', 4, 50000),
('109', 5, 50000),
('109', 6, 50000),
('109', 7, 50000),
('109-03', 4, 50000),
('109-03', 5, 50000),
('109-03', 6, 50000),
('109-03', 7, 50000),
('109-04', 4, 50000),
('109-04', 5, 50000),
('109-04', 6, 50000),
('109-04', 7, 50000),
('109-09', 4, 50000),
('109-09', 5, 50000),
('109-09', 6, 50000),
('109-09', 7, 50000),
('109-12', 4, 50000),
('109-12', 5, 50000),
('109-12', 6, 50000),
('109-12', 7, 50000),
('110', 4, 50000),
('110', 5, 50000),
('110', 6, 50000),
('110', 7, 50000),
('110-01', 4, 50000),
('110-01', 5, 50000),
('110-01', 6, 50000),
('110-01', 7, 50000),
('110-02', 4, 50000),
('110-02', 5, 50000),
('110-02', 6, 50000),
('110-02', 7, 50000),
('110-03', 4, 50000),
('110-03', 5, 50000),
('110-03', 6, 50000),
('110-03', 7, 50000),
('111', 4, 50000),
('111', 5, 50000),
('111', 6, 50000),
('111', 7, 50000),
('111-01', 4, 50000),
('111-01', 5, 50000),
('111-01', 6, 50000),
('111-01', 7, 50000),
('111-02', 4, 50000),
('111-02', 5, 50000),
('111-02', 6, 50000),
('111-02', 7, 50000),
('111-03', 4, 50000),
('111-03', 5, 50000),
('111-03', 6, 50000),
('111-03', 7, 50000),
('112', 4, 50000),
('112', 5, 50000),
('112', 6, 50000),
('112', 7, 50000),
('112-01', 4, 50000),
('112-01', 5, 50000),
('112-01', 6, 50000),
('112-01', 7, 50000),
('112-02', 4, 50000),
('112-02', 5, 50000),
('112-02', 6, 50000),
('112-02', 7, 50000),
('113', 4, 50000),
('113', 5, 50000),
('113', 6, 50000),
('113', 7, 50000),
('113-01', 4, 50000),
('113-01', 5, 50000),
('113-01', 6, 50000),
('113-01', 7, 50000),
('113-02', 4, 50000),
('113-02', 5, 50000),
('113-02', 6, 50000),
('113-02', 7, 50000),
('114', 4, 50000),
('114', 5, 50000),
('114', 6, 50000),
('114', 7, 50000),
('114-01', 4, 50000),
('114-01', 5, 50000),
('114-01', 6, 50000),
('114-01', 7, 50000),
('114-02', 4, 50000),
('114-02', 5, 50000),
('114-02', 6, 50000),
('114-02', 7, 50000),
('115', 4, 50000),
('115', 5, 50000),
('115', 6, 50000),
('115', 7, 50000),
('115-01', 4, 50000),
('115-01', 5, 50000),
('115-01', 6, 50000),
('115-01', 7, 50000),
('116', 4, 50000),
('116', 5, 50000),
('116', 6, 50000),
('116', 7, 50000),
('116-01', 4, 50000),
('116-01', 5, 50000),
('116-01', 6, 50000),
('116-01', 7, 50000),
('116-02', 4, 50000),
('116-02', 5, 50000),
('116-02', 6, 50000),
('116-02', 7, 50000),
('116-03', 4, 50000),
('116-03', 5, 50000),
('116-03', 6, 50000),
('116-03', 7, 50000),
('116-04', 4, 50000),
('116-04', 5, 50000),
('116-04', 6, 50000),
('116-04', 7, 50000),
('116-05', 4, 50000),
('116-05', 5, 50000),
('116-05', 6, 50000),
('116-05', 7, 50000),
('117', 4, 50000),
('117', 5, 50000),
('117', 6, 50000),
('117', 7, 50000),
('117-01', 4, 50000),
('117-01', 5, 50000),
('117-01', 6, 50000),
('117-01', 7, 50000),
('117-02', 4, 50000),
('117-02', 5, 50000),
('117-02', 6, 50000),
('117-02', 7, 50000),
('118', 4, 50000),
('118', 5, 50000),
('118', 6, 50000),
('118', 7, 50000),
('118-01', 4, 50000),
('118-01', 5, 50000),
('118-01', 6, 50000),
('118-01', 7, 50000),
('118-02', 4, 50000),
('118-02', 5, 50000),
('118-02', 6, 50000),
('118-02', 7, 50000),
('119', 4, 50000),
('119', 5, 50000),
('119', 6, 50000),
('119', 7, 50000),
('119-08', 4, 50000),
('119-08', 5, 50000),
('119-08', 6, 50000),
('119-08', 7, 50000),
('119-10', 4, 50000),
('119-10', 5, 50000),
('119-10', 6, 50000),
('119-10', 7, 50000),
('120', 4, 50000),
('120', 5, 50000),
('120', 6, 50000),
('120', 7, 50000),
('120-01', 4, 50000),
('120-01', 5, 50000),
('120-01', 6, 50000),
('120-01', 7, 50000),
('120-02', 4, 50000),
('120-02', 5, 50000),
('120-02', 6, 50000),
('120-02', 7, 50000),
('120-03', 4, 50000),
('120-03', 5, 50000),
('120-03', 6, 50000),
('120-03', 7, 50000),
('121', 4, 50000),
('121', 5, 50000),
('121', 6, 50000),
('121', 7, 50000),
('121-01', 4, 50000),
('121-01', 5, 50000),
('121-01', 6, 50000),
('121-01', 7, 50000),
('122', 4, 50000),
('122', 5, 50000),
('122', 6, 50000),
('122', 7, 50000),
('122-01', 4, 50000),
('122-01', 5, 50000),
('122-01', 6, 50000),
('122-01', 7, 50000),
('123', 4, 50000),
('123', 5, 50000),
('123', 6, 50000),
('123', 7, 50000),
('123-01', 4, 50000),
('123-01', 5, 50000),
('123-01', 6, 50000),
('123-01', 7, 50000),
('123-02', 4, 50000),
('123-02', 5, 50000),
('123-02', 6, 50000),
('123-02', 7, 50000),
('123-03', 4, 50000),
('123-03', 5, 50000),
('123-03', 6, 50000),
('123-03', 7, 50000),
('123-04', 4, 50000),
('123-04', 5, 50000),
('123-04', 6, 50000),
('123-04', 7, 50000),
('124', 4, 50000),
('124', 5, 50000),
('124', 6, 50000),
('124', 7, 50000),
('124-01', 4, 50000),
('124-01', 5, 50000),
('124-01', 6, 50000),
('124-01', 7, 50000),
('124-02', 4, 50000),
('124-02', 5, 50000),
('124-02', 6, 50000),
('124-02', 7, 50000),
('124-03', 4, 50000),
('124-03', 5, 50000),
('124-03', 6, 50000),
('124-03', 7, 50000),
('124-04', 4, 50000),
('124-04', 5, 50000),
('124-04', 6, 50000),
('124-04', 7, 50000),
('125', 4, 50000),
('125', 5, 50000),
('125', 6, 50000),
('125', 7, 50000),
('125-01', 4, 50000),
('125-01', 5, 50000),
('125-01', 6, 50000),
('125-01', 7, 50000),
('126', 4, 50000),
('126', 5, 50000),
('126', 6, 50000),
('126', 7, 50000),
('126-01', 4, 50000),
('126-01', 5, 50000),
('126-01', 6, 50000),
('126-01', 7, 50000),
('127', 4, 50000),
('127', 5, 50000),
('127', 6, 50000),
('127', 7, 50000),
('127-01', 4, 50000),
('127-01', 5, 50000),
('127-01', 6, 50000),
('127-01', 7, 50000),
('128', 4, 50000),
('128', 5, 50000),
('128', 6, 50000),
('128', 7, 50000),
('128-01', 4, 50000),
('128-01', 5, 50000),
('128-01', 6, 50000),
('128-01', 7, 50000),
('129', 4, 50000),
('129', 5, 50000),
('129', 6, 50000),
('129', 7, 50000),
('129-01', 4, 50000),
('129-01', 5, 50000),
('129-01', 6, 50000),
('129-01', 7, 50000),
('130', 4, 50000),
('130', 5, 50000),
('130', 6, 50000),
('130', 7, 50000),
('130-01', 4, 50000),
('130-01', 5, 50000),
('130-01', 6, 50000),
('130-01', 7, 50000),
('131', 4, 50000),
('131', 5, 50000),
('131', 6, 50000),
('131', 7, 50000),
('131-01', 4, 50000),
('131-01', 5, 50000),
('131-01', 6, 50000),
('131-01', 7, 50000),
('132', 4, 50000),
('132', 5, 50000),
('132', 6, 50000),
('132', 7, 50000),
('132-01', 4, 50000),
('132-01', 5, 50000),
('132-01', 6, 50000),
('132-01', 7, 50000),
('133', 4, 50000),
('133', 5, 50000),
('133', 6, 50000),
('133', 7, 50000),
('133-01', 4, 50000),
('133-01', 5, 50000),
('133-01', 6, 50000),
('133-01', 7, 50000),
('134', 4, 50000),
('134', 5, 50000),
('134', 6, 50000),
('134', 7, 50000),
('134-01', 4, 50000),
('134-01', 5, 50000),
('134-01', 6, 50000),
('134-01', 7, 50000),
('134-02', 4, 50000),
('134-02', 5, 50000),
('134-02', 6, 50000),
('134-02', 7, 50000),
('135', 4, 50000),
('135', 5, 50000),
('135', 6, 50000),
('135', 7, 50000),
('135-01', 4, 50000),
('135-01', 5, 50000),
('135-01', 6, 50000),
('135-01', 7, 50000),
('136', 4, 50000),
('136', 5, 50000),
('136', 6, 50000),
('136', 7, 50000),
('137', 4, 50000),
('137', 5, 50000),
('137', 6, 50000),
('137', 7, 50000),
('138', 4, 50000),
('138', 5, 50000),
('138', 6, 50000),
('138', 7, 50000),
('138-01', 4, 50000),
('138-01', 5, 50000),
('138-01', 6, 50000),
('138-01', 7, 50000),
('138-02', 4, 50000),
('138-02', 5, 50000),
('138-02', 6, 50000),
('138-02', 7, 50000),
('138-03', 4, 50000),
('138-03', 5, 50000),
('138-03', 6, 50000),
('138-03', 7, 50000),
('139', 4, 50000),
('139', 5, 50000),
('139', 6, 50000),
('139', 7, 50000),
('139-01', 4, 50000),
('139-01', 5, 50000),
('139-01', 6, 50000),
('139-01', 7, 50000),
('139-02', 4, 50000),
('139-02', 5, 50000),
('139-02', 6, 50000),
('139-02', 7, 50000),
('139-03', 4, 50000),
('139-03', 5, 50000),
('139-03', 6, 50000),
('139-03', 7, 50000),
('139-04', 4, 50000),
('139-04', 5, 50000),
('139-04', 6, 50000),
('139-04', 7, 50000),
('139-05', 4, 50000),
('139-05', 5, 50000),
('139-05', 6, 50000),
('139-05', 7, 50000),
('140', 4, 50000),
('140', 5, 50000),
('140', 6, 50000),
('140', 7, 50000),
('140-01', 4, 50000),
('140-01', 5, 50000),
('140-01', 6, 50000),
('140-01', 7, 50000),
('140-02', 4, 50000),
('140-02', 5, 50000),
('140-02', 6, 50000),
('140-02', 7, 50000),
('140-03', 4, 50000),
('140-03', 5, 50000),
('140-03', 6, 50000),
('140-03', 7, 50000),
('140-04', 4, 50000),
('140-04', 5, 50000),
('140-04', 6, 50000),
('140-04', 7, 50000),
('140-05', 4, 50000),
('140-05', 5, 50000),
('140-05', 6, 50000),
('140-05', 7, 50000),
('140-06', 4, 50000),
('140-06', 5, 50000),
('140-06', 6, 50000),
('140-06', 7, 50000),
('141', 4, 50000),
('141', 5, 50000),
('141', 6, 50000),
('141', 7, 50000),
('141-02', 4, 50000),
('141-02', 5, 50000),
('141-02', 6, 50000),
('141-02', 7, 50000),
('141-03', 4, 50000),
('141-03', 5, 50000),
('141-03', 6, 50000),
('141-03', 7, 50000),
('141-04', 4, 50000),
('141-04', 5, 50000),
('141-04', 6, 50000),
('141-04', 7, 50000),
('142', 4, 50000),
('142', 5, 50000),
('142', 6, 50000),
('142', 7, 50000),
('142-01', 4, 50000),
('142-01', 5, 50000),
('142-01', 6, 50000),
('142-01', 7, 50000),
('142-02', 4, 50000),
('142-02', 5, 50000),
('142-02', 6, 50000),
('142-02', 7, 50000),
('143', 4, 50000),
('143', 5, 50000),
('143', 6, 50000),
('143', 7, 50000),
('143-01', 4, 50000),
('143-01', 5, 50000),
('143-01', 6, 50000),
('143-01', 7, 50000),
('143-02', 4, 50000),
('143-02', 5, 50000),
('143-02', 6, 50000),
('143-02', 7, 50000),
('143-03', 4, 50000),
('143-03', 5, 50000),
('143-03', 6, 50000),
('143-03', 7, 50000),
('143-04', 4, 50000),
('143-04', 5, 50000),
('143-04', 6, 50000),
('143-04', 7, 50000),
('143-05', 4, 50000),
('143-05', 5, 50000),
('143-05', 6, 50000),
('143-05', 7, 50000),
('144', 4, 50000),
('144', 5, 50000),
('144', 6, 50000),
('144', 7, 50000),
('144-01', 4, 50000),
('144-01', 5, 50000),
('144-01', 6, 50000),
('144-01', 7, 50000),
('144-02', 4, 50000),
('144-02', 5, 50000),
('144-02', 6, 50000),
('144-02', 7, 50000),
('144-03', 4, 50000),
('144-03', 5, 50000),
('144-03', 6, 50000),
('144-03', 7, 50000),
('145', 4, 50000),
('145', 5, 50000),
('145', 6, 50000),
('145', 7, 50000),
('145-01', 4, 50000),
('145-01', 5, 50000),
('145-01', 6, 50000),
('145-01', 7, 50000),
('145-02', 4, 50000),
('145-02', 5, 50000),
('145-02', 6, 50000),
('145-02', 7, 50000),
('146', 4, 50000),
('146', 5, 50000),
('146', 6, 50000),
('146', 7, 50000),
('147', 4, 50000),
('147', 5, 50000),
('147', 6, 50000),
('147', 7, 50000),
('148', 4, 50000),
('148', 5, 50000),
('148', 6, 50000),
('148', 7, 50000),
('149', 4, 50000),
('149', 5, 50000),
('149', 6, 50000),
('149', 7, 50000),
('150', 4, 50000),
('150', 5, 50000),
('150', 6, 50000),
('150', 7, 50000),
('151', 4, 50000),
('151', 5, 50000),
('151', 6, 50000),
('151', 7, 50000),
('152', 4, 50000),
('152', 5, 50000),
('152', 6, 50000),
('152', 7, 50000),
('153', 4, 50000),
('153', 5, 50000),
('153', 6, 50000),
('153', 7, 50000),
('153-01', 4, 50000),
('153-01', 5, 50000),
('153-01', 6, 50000),
('153-01', 7, 50000),
('153-02', 4, 50000),
('153-02', 5, 50000),
('153-02', 6, 50000),
('153-02', 7, 50000),
('153-03', 4, 50000),
('153-03', 5, 50000),
('153-03', 6, 50000),
('153-03', 7, 50000),
('153-04', 4, 50000),
('153-04', 5, 50000),
('153-04', 6, 50000),
('153-04', 7, 50000),
('153-05', 4, 50000),
('153-05', 5, 50000),
('153-05', 6, 50000),
('153-05', 7, 50000),
('153-06', 4, 50000),
('153-06', 5, 50000),
('153-06', 6, 50000),
('153-06', 7, 50000),
('153-07', 4, 50000),
('153-07', 5, 50000),
('153-07', 6, 50000),
('153-07', 7, 50000),
('153-08', 4, 50000),
('153-08', 5, 50000),
('153-08', 6, 50000),
('153-08', 7, 50000),
('153-09', 4, 50000),
('153-09', 5, 50000),
('153-09', 6, 50000),
('153-09', 7, 50000),
('153-10', 4, 50000),
('153-10', 5, 50000),
('153-10', 6, 50000),
('153-10', 7, 50000),
('153-11', 4, 50000),
('153-11', 5, 50000),
('153-11', 6, 50000),
('153-11', 7, 50000),
('154', 4, 50000),
('154', 5, 50000),
('154', 6, 50000),
('154', 7, 50000),
('154-01', 4, 50000),
('154-01', 5, 50000),
('154-01', 6, 50000),
('154-01', 7, 50000),
('154-02', 4, 50000),
('154-02', 5, 50000),
('154-02', 6, 50000),
('154-02', 7, 50000),
('154-03', 4, 50000),
('154-03', 5, 50000),
('154-03', 6, 50000),
('154-03', 7, 50000),
('154-04', 4, 50000),
('154-04', 5, 50000),
('154-04', 6, 50000),
('154-04', 7, 50000),
('154-05', 4, 50000),
('154-05', 5, 50000),
('154-05', 6, 50000),
('154-05', 7, 50000),
('154-06', 4, 50000),
('154-06', 5, 50000),
('154-06', 6, 50000),
('154-06', 7, 50000),
('154-07', 4, 50000),
('154-07', 5, 50000),
('154-07', 6, 50000),
('154-07', 7, 50000),
('154-08', 4, 50000),
('154-08', 5, 50000),
('154-08', 6, 50000),
('154-08', 7, 50000),
('154-09', 4, 50000),
('154-09', 5, 50000),
('154-09', 6, 50000),
('154-09', 7, 50000),
('155', 4, 50000),
('155', 5, 50000),
('155', 6, 50000),
('155', 7, 50000),
('155-01', 4, 50000),
('155-01', 5, 50000),
('155-01', 6, 50000),
('155-01', 7, 50000),
('155-02', 4, 50000),
('155-02', 5, 50000),
('155-02', 6, 50000),
('155-02', 7, 50000),
('156', 4, 50000),
('156', 5, 50000),
('156', 6, 50000),
('156', 7, 50000),
('157', 4, 50000),
('157', 5, 50000),
('157', 6, 50000),
('157', 7, 50000),
('158', 4, 50000),
('158', 5, 50000),
('158', 6, 50000),
('158', 7, 50000),
('158-01', 4, 50000),
('158-01', 5, 50000),
('158-01', 6, 50000),
('158-01', 7, 50000),
('158-02', 4, 50000),
('158-02', 5, 50000),
('158-02', 6, 50000),
('158-02', 7, 50000),
('158-03', 4, 50000),
('158-03', 5, 50000),
('158-03', 6, 50000),
('158-03', 7, 50000),
('159', 4, 50000),
('159', 5, 50000),
('159', 6, 50000),
('159', 7, 50000),
('159-01', 4, 50000),
('159-01', 5, 50000),
('159-01', 6, 50000),
('159-01', 7, 50000),
('160', 4, 50000),
('160', 5, 50000),
('160', 6, 50000),
('160', 7, 50000),
('161', 4, 50000),
('161', 5, 50000),
('161', 6, 50000),
('161', 7, 50000),
('162', 4, 50000),
('162', 5, 50000),
('162', 6, 50000),
('162', 7, 50000),
('163', 4, 50000),
('163', 5, 50000),
('163', 6, 50000),
('163', 7, 50000),
('164', 4, 50000),
('164', 5, 50000),
('164', 6, 50000),
('164', 7, 50000);

-- --------------------------------------------------------

--
-- Table structure for table `pekerjaan`
--

CREATE TABLE IF NOT EXISTS `pekerjaan` (
  `kode` varchar(6) NOT NULL,
  `nama` varchar(50) NOT NULL,
  `satuan` varchar(10) NOT NULL,
  PRIMARY KEY  (`kode`)
) ENGINE=InnoDB DEFAULT CHARSET=latin1;

--
-- Dumping data for table `pekerjaan`
--

INSERT INTO `pekerjaan` (`kode`, `nama`, `satuan`) VALUES
('901', 'Bongkar Bangunan Lama', 'm3'),
('902', 'Pasang Bouwplank', 'm3'),
('903', 'Galian Rib Setlemen', 'm3'),
('904', 'Lantai Kerja Rib', 'm2'),
('905', 'Begisting', 'm2'),
('906', 'Pembesian Rib', 'kg'),
('907', 'Pembesian Voute', 'kg'),
('908', 'Cor Rib', 'm3'),
('909', 'Bongkar Begisting', 'm2'),
('910', 'Urug Tanah', 'm3'),
('911', 'Urug Pasir', 'm3'),
('912', 'Pemadatan Tanah', 'm2'),
('913', 'Pemadatan Pasir', 'm2'),
('914', 'Lantai Kerja Plat', 'm2'),
('915', 'Pembesian Plat KSLL', 'm2'),
('916', 'Pembesian Tulangan Laba-Laba', 'kg'),
('917', 'Pembesian Stang & Kromo KSLL', 'kg'),
('918', 'Cor Plat KSLL', 'm2'),
('919', 'Finishing Plat KSLL', 'm2'),
('920', 'Cor Boul & Voute', 'm3'),
('921', 'Pasang Stek Kolom', 'kg'),
('922', 'Pasang Cerucuk Dolken', 'btg'),
('923', 'Bongkar Material', 'ls'),
('924', 'Pasang & Bongkar Direksi Keet', 'm2'),
('925', 'Pasang Pagar Pengamanan Proyek', 'm'),
('926', 'Mobilisasi Tenaga Kerja Proyek', 'org'),
('927', 'Harian Kantor Proyek', 'ls'),
('928', 'Mob-DEmob Karyawan Proyek', 'org'),
('929', 'Mekanik Perbaikan Alat', 'org'),
('930', 'keduk', 'm2'),
('931', 'aaa', 'aaaa'),
('932', 'POPO', 'lk'),
('933', 'asa', 'asasa'),
('934', 'asa', 'asasa'),
('935', 'QQQ', 'RRR'),
('936', 'hehe', 'hejhjehjh'),
('937', 'jalan', 'sehat'),
('938', 'gatel', 'kakiku'),
('939', 'sdasa', 'sdas'),
('940', '23232', 'sdsd'),
('941', 'iya', 'lok'),
('942', 'pekerjaanku', 'm3'),
('943', 'pekerjaanmu', 'm2'),
('944', 'pekerjaan1', 'm2'),
('945', 'pekerjaankami', 'm4'),
('946', 'asd', 'm2'),
('947', 'pek1', 'mol'),
('948', 'pek2', 'molar');

-- --------------------------------------------------------

--
-- Table structure for table `pengukuranprogresslapangan`
--

CREATE TABLE IF NOT EXISTS `pengukuranprogresslapangan` (
  `id` int(11) NOT NULL auto_increment,
  `minggu` tinyint(4) NOT NULL,
  `volumepengukuran` double NOT NULL,
  `idpekerjaan` varchar(6) NOT NULL,
  `iduser` int(11) NOT NULL,
  `idproyek` int(11) NOT NULL,
  `idkeperluan` varchar(6) NOT NULL,
  `total` int(11) NOT NULL,
  PRIMARY KEY  (`id`),
  KEY `idpekerjaan` (`idpekerjaan`),
  KEY `iduser` (`iduser`),
  KEY `idproyek` (`idproyek`)
) ENGINE=InnoDB DEFAULT CHARSET=latin1 AUTO_INCREMENT=1 ;

--
-- Dumping data for table `pengukuranprogresslapangan`
--


-- --------------------------------------------------------

--
-- Table structure for table `proyek`
--

CREATE TABLE IF NOT EXISTS `proyek` (
  `id` int(11) NOT NULL auto_increment,
  `nama` varchar(50) NOT NULL,
  `alamat` varchar(255) NOT NULL,
  `status_rab` tinyint(1) NOT NULL,
  `tgl_mulai` date NOT NULL,
  `lamaproyek` int(3) NOT NULL,
  `klien` varchar(255) NOT NULL,
  `status` tinyint(1) NOT NULL,
  PRIMARY KEY  (`id`)
) ENGINE=InnoDB  DEFAULT CHARSET=latin1 AUTO_INCREMENT=26 ;

--
-- Dumping data for table `proyek`
--

INSERT INTO `proyek` (`id`, `nama`, `alamat`, `status_rab`, `tgl_mulai`, `lamaproyek`, `klien`, `status`) VALUES
(1, 'pembangunan gedung', '', 0, '0000-00-00', 0, '', 0),
(2, 'pembangunan jalan', '', 1, '0000-00-00', 10, '', 0),
(13, 'coba-coba', '', 0, '0000-00-00', 0, '', 0),
(14, 'Proyekkkekekekekek', '', 0, '0000-00-00', 0, '', 0),
(15, 'proyeke mase', '', 0, '0000-00-00', 10, '', 0),
(17, 'proyeknya ari', '', 0, '0000-00-00', 0, '', 0),
(22, 'proyek heboh', 'heboh', 0, '2016-08-17', 99999, 'hebohdeh', 0),
(24, 'proyek rumah', 'jalan', 1, '2016-08-10', 88, 'ari', 0),
(25, 'Q', 'oioo', 0, '2016-08-18', 998, 'kjkj', 0);

-- --------------------------------------------------------

--
-- Table structure for table `proyek_pekerjaan`
--

CREATE TABLE IF NOT EXISTS `proyek_pekerjaan` (
  `idproyek` int(11) NOT NULL,
  `kodepekerjaan` varchar(6) NOT NULL,
  `hasil` int(11) NOT NULL,
  `mulaihari` int(3) NOT NULL,
  `lamahari` int(3) NOT NULL,
  `rencanavolumeprogres` int(11) NOT NULL,
  `iduser` int(11) NOT NULL,
  PRIMARY KEY  (`idproyek`,`kodepekerjaan`),
  KEY `idproyek` (`idproyek`),
  KEY `kodepekerjaan` (`kodepekerjaan`)
) ENGINE=InnoDB DEFAULT CHARSET=latin1;

--
-- Dumping data for table `proyek_pekerjaan`
--

INSERT INTO `proyek_pekerjaan` (`idproyek`, `kodepekerjaan`, `hasil`, `mulaihari`, `lamahari`, `rencanavolumeprogres`, `iduser`) VALUES
(1, '909', 3, 1, 0, 0, 0),
(1, '917', 4, 0, 0, 0, 0),
(1, '927', 5, 0, 0, 0, 0),
(1, '929', 22, 0, 0, 0, 0),
(1, '932', 0, 0, 0, 0, 0),
(1, '935', 0, 0, 0, 0, 0),
(1, '936', 0, 0, 0, 0, 0),
(1, '938', 0, 0, 0, 0, 0),
(1, '939', 2323, 0, 0, 0, 0),
(1, '940', 223, 0, 0, 0, 0),
(1, '941', 787, 0, 0, 0, 0),
(2, '901', 1, 9, 2, 0, 0),
(2, '905', 3, 2, 3, 0, 0),
(2, '919', 66, 3, 2, 0, 0),
(2, '937', 0, 3, 3, 0, 0),
(15, '947', 10, 1, 10, 0, 0),
(15, '948', 20, 8, 1, 0, 0),
(24, '942', 100, 4, 5, 0, 0),
(25, '946', 22, 0, 0, 0, 0);

-- --------------------------------------------------------

--
-- Table structure for table `rencanaanggaranpelaksanaan`
--

CREATE TABLE IF NOT EXISTS `rencanaanggaranpelaksanaan` (
  `id` int(11) NOT NULL auto_increment,
  `rencanavolume` int(11) NOT NULL,
  `rencanahargasatuan` int(11) NOT NULL,
  `idpekerjaan` varchar(6) NOT NULL,
  `iduser` int(11) NOT NULL,
  `idproyek` int(11) NOT NULL,
  `idkeperluan` varchar(6) NOT NULL,
  `mingguke` int(11) NOT NULL,
  PRIMARY KEY  (`id`),
  KEY `idpekerjaan` (`idpekerjaan`),
  KEY `iduser` (`iduser`),
  KEY `idproyek` (`idproyek`),
  KEY `idbahanupah` (`idkeperluan`)
) ENGINE=InnoDB  DEFAULT CHARSET=latin1 AUTO_INCREMENT=15 ;

--
-- Dumping data for table `rencanaanggaranpelaksanaan`
--

INSERT INTO `rencanaanggaranpelaksanaan` (`id`, `rencanavolume`, `rencanahargasatuan`, `idpekerjaan`, `iduser`, `idproyek`, `idkeperluan`, `mingguke`) VALUES
(7, 7, 70000, '909', 1, 1, '101-19', 1),
(8, 2, 10000, '909', 1, 1, '201', 1),
(9, 9, 1000, '909', 1, 1, '313', 1),
(10, 5, 10000, '917', 1, 1, '201', 1),
(11, 3, 70000, '917', 1, 1, '101-19', 1),
(12, 1, 50000, '947', 1, 15, '201', 1),
(13, 2, 4000, '947', 3, 15, '138-02', 1),
(14, 22, 4000, '947', 2, 15, '132-02', 1);

-- --------------------------------------------------------

--
-- Table structure for table `rencanapekerjaanprogres`
--

CREATE TABLE IF NOT EXISTS `rencanapekerjaanprogres` (
  `id` int(11) NOT NULL auto_increment,
  `mulaihari` int(3) NOT NULL,
  `lamahari` int(3) NOT NULL,
  `rencanavolumeprogress` int(11) NOT NULL,
  `iduser` int(11) NOT NULL,
  `idpekerjaan` varchar(6) NOT NULL,
  `idproyek` int(11) NOT NULL,
  PRIMARY KEY  (`id`),
  KEY `iduser` (`iduser`),
  KEY `idpekerjaan` (`idpekerjaan`),
  KEY `idproyek` (`idproyek`),
  KEY `idproyek_2` (`idproyek`)
) ENGINE=InnoDB  DEFAULT CHARSET=latin1 AUTO_INCREMENT=42 ;

--
-- Dumping data for table `rencanapekerjaanprogres`
--

INSERT INTO `rencanapekerjaanprogres` (`id`, `mulaihari`, `lamahari`, `rencanavolumeprogress`, `iduser`, `idpekerjaan`, `idproyek`) VALUES
(1, 3, 4, 1, 2, '901', 1),
(2, 3, 4, 3, 2, '907', 1),
(3, 3, 4, 2, 2, '918', 1),
(4, 3, 4, 3, 2, '914', 1),
(5, 3, 4, 5, 2, '901', 13),
(6, 3, 4, 4, 2, '902', 13),
(7, 3, 4, 3, 2, '903', 13),
(8, 3, 4, 4, 2, '904', 13),
(9, 3, 4, 44, 2, '905', 13),
(10, 3, 4, 1, 2, '901', 13),
(11, 3, 4, 1, 2, '902', 13),
(12, 3, 4, 1, 2, '903', 13),
(13, 3, 4, 1, 2, '904', 13),
(14, 3, 4, 1, 2, '901', 13),
(15, 3, 4, 1, 2, '902', 13),
(16, 3, 4, 1, 2, '903', 13),
(17, 3, 4, 1, 2, '904', 13),
(18, 3, 4, 1, 2, '905', 13),
(19, 3, 4, 1, 2, '901', 13),
(20, 3, 4, 1, 2, '901', 13),
(21, 3, 4, 1, 2, '902', 13),
(22, 3, 4, 1, 2, '901', 13),
(23, 3, 4, 1, 2, '902', 13),
(24, 3, 4, 1, 2, '903', 13),
(25, 3, 4, 1, 2, '901', 13),
(26, 3, 4, 1, 2, '902', 13),
(27, 3, 4, 1, 2, '903', 13),
(28, 3, 4, 1, 2, '904', 13),
(29, 3, 4, 1, 2, '905', 13),
(30, 3, 4, 1, 2, '901', 13),
(31, 3, 4, 1, 2, '902', 13),
(32, 3, 4, 1, 2, '903', 13),
(33, 3, 4, 1, 2, '904', 13),
(34, 3, 4, 9, 2, '901', 13),
(35, 3, 4, 554, 2, '902', 13),
(36, 3, 4, 1, 2, '901', 13),
(37, 3, 4, 1, 2, '902', 13),
(38, 3, 4, 1, 2, '901', 13),
(39, 3, 4, 1, 2, '902', 13),
(40, 34, 87, 99, 1, '942', 24),
(41, 8, 78, 777, 1, '943', 24);

-- --------------------------------------------------------

--
-- Table structure for table `transaksipengeluarankas`
--

CREATE TABLE IF NOT EXISTS `transaksipengeluarankas` (
  `nomor` int(11) NOT NULL auto_increment,
  `tanggal` date NOT NULL,
  `uraian` text NOT NULL,
  `jumlah` int(11) NOT NULL,
  `idbiaya` varchar(6) NOT NULL,
  `iduser` int(11) NOT NULL,
  `idproyek` int(11) NOT NULL,
  PRIMARY KEY  (`nomor`),
  KEY `idbiaya` (`idbiaya`),
  KEY `iduser` (`iduser`),
  KEY `idproyek` (`idproyek`)
) ENGINE=InnoDB DEFAULT CHARSET=latin1 AUTO_INCREMENT=1 ;

--
-- Dumping data for table `transaksipengeluarankas`
--


-- --------------------------------------------------------

--
-- Table structure for table `transaksipengeluaranmaterial`
--

CREATE TABLE IF NOT EXISTS `transaksipengeluaranmaterial` (
  `nomor` int(11) NOT NULL auto_increment,
  `tanggal` date NOT NULL,
  `uraian` text NOT NULL,
  `volume` int(11) NOT NULL,
  `idbiaya` varchar(6) NOT NULL,
  `iduser` int(11) NOT NULL,
  `idproyek` int(11) NOT NULL,
  PRIMARY KEY  (`nomor`),
  KEY `idbiaya` (`idbiaya`),
  KEY `iduser` (`iduser`),
  KEY `idproyek` (`idproyek`)
) ENGINE=InnoDB DEFAULT CHARSET=latin1 AUTO_INCREMENT=1 ;

--
-- Dumping data for table `transaksipengeluaranmaterial`
--


-- --------------------------------------------------------

--
-- Table structure for table `upah`
--

CREATE TABLE IF NOT EXISTS `upah` (
  `kode` varchar(6) NOT NULL,
  `nama` varchar(30) NOT NULL,
  `satuan` varchar(10) NOT NULL,
  `kode_kjb` varchar(6) NOT NULL,
  PRIMARY KEY  (`kode`)
) ENGINE=InnoDB DEFAULT CHARSET=latin1;

--
-- Dumping data for table `upah`
--

INSERT INTO `upah` (`kode`, `nama`, `satuan`, `kode_kjb`) VALUES
('301', 'Bongkar Bangunan Lama', 'm3', '3'),
('302', 'Pasang Bouwplank', 'm3', '3'),
('303', 'Galian Rib Setlemen', 'm3', '3'),
('304', 'Lantai Kerja Rib', 'm2', '3'),
('305', 'Begisting', 'm2', '3'),
('306', 'Pembesian Rib', 'kg', '3'),
('307', 'Pembesian Voute', 'kg', '3'),
('308', 'Cor Rib', 'm3', '3'),
('309', 'Bongkar Begisting', 'm2', '3'),
('310', 'Urug Tanah', 'm3', '3'),
('311', 'Urug Pasir', 'm3', '3'),
('312', 'Pemadatan Tanah', 'm2', '3'),
('313', 'Pemadatan Pasir', 'm2', '3'),
('314', 'Lantai Kerja Plat', 'm2', '3'),
('315', 'Pembesian Plat KSLL', 'm2', '3'),
('316', 'Pembesian Tulangan Laba-Laba', 'kg', '3'),
('317', 'Pembesian Stang & Kromo KSLL', 'kg', '3'),
('318', 'Cor Plat KSLL', 'm2', '3'),
('319', 'Finishing Plat KSLL', 'm2', '3'),
('320', 'Cor Boul & Voute', 'm3', '3'),
('321', 'Pasang Stek Kolom', 'kg', '3'),
('322', 'Pasang Cerucuk Dolken', 'btg', '3'),
('323', 'Bongkar Material', 'ls', '3'),
('324', 'Pasang & Bongkar Direksi Keet', 'm2', '3'),
('325', 'Pasang Pagar Pengamanan Proyek', 'm', '3'),
('326', 'Mobilisasi Tenaga Kerja Proyek', 'org', '3'),
('327', 'Harian Kantor Proyek', 'ls', '3'),
('328', 'Mob-DEmob Karyawan Proyek', 'org', '3'),
('329', 'Mekanik Perbaikan Alat', 'org', '3'),
('330', 'Pasang Bedeng & Gudang', 'm3', '3'),
('400', 'TES MUTU', 'bh', '4'),
('401', 'Tes Beton', 'bh', '4'),
('402', 'MIx Design', 'bh', '4'),
('403', 'Tes Uji Tarik Besi', 'bh', '4'),
('404', 'Tes Standar Proctor', 'bh', '4'),
('405', 'Tes CBR', 'bh', '4'),
('406', 'Tes Sand Cone', 'bh', '4'),
('500', 'GAJI KARYAWAN', 'bln', '5'),
('501', 'Project Manager', 'bln', '5'),
('502', 'Assisten Project Manager', 'bln', '5'),
('503', 'Site Manager', 'bln', '5'),
('504', 'Site Enggineer', 'bln', '5'),
('505', 'Pelaksana', 'bln', '5'),
('506', 'Administrasi Proyek', 'bln', '5'),
('507', 'Asisten Logistik untuk Gudang', 'bln', '5'),
('508', 'Keamanan', 'bln', '5'),
('600', 'AKOMODASI PROYEK', 'minggu', '5'),
('601', 'Uang Makan Karyawan Proyek', 'bln', '5'),
('602', 'Uang Makan Lembur Karyawan', 'bln', '5'),
('603', 'Uang Makan Konsultan', 'bln', '5'),
('604', 'Uang Makan Direksi', 'bln', '5'),
('605', 'Sewa Mess Karyawan', 'bln', '5'),
('606', 'Sewa Hotel Direksi', 'ls', '5'),
('607', 'Sewa Hotel PPMK', 'ls', '5'),
('608', 'Air Minum Mess', 'bln', '5'),
('609', 'Sewa Parabola', 'bln', '5'),
('610', 'Mesin Cuci', 'unit', '5'),
('611', 'Kabel Listrik', 'bh', '5'),
('612', 'Kabel Rol', 'bh', '5'),
('613', 'Kuningan Terminal steker', 'bh', '5'),
('614', 'Kipas Angin', 'bh', '5'),
('615', 'AC 1/2 PK', 'bh', '5'),
('616', 'Kasur', 'bh', '5'),
('617', 'Tempat Tidur/Dipan', 'bh', '5'),
('618', 'Sprei Kasur', 'bh', '5'),
('619', 'Rice Cooker', 'bh', '5'),
('620', 'Tabung Gas', 'bh', '5'),
('621', 'Isi Tabung Gas', 'bh', '5'),
('622', 'Kompor Gas', 'bh', '5'),
('623', 'Kompor Minyak Tanah', 'bh', '5'),
('624', 'Minyak Tanah', 'bh', '5'),
('625', 'Isi Freon AC', 'bh', '5'),
('626', 'Sepatu Safety', 'bh', '5'),
('627', 'Sarung Tangan', 'bh', '5'),
('628', 'Jas Hujan', 'bh', '5'),
('700', 'TRANSPORTASI', 'minggu', '5'),
('701', 'Sewa Kendaraan Mobil', 'bln', '5'),
('702', 'Sewa Kendaraan Motor', 'bln', '5'),
('703', 'BBM Kendaraan Mobil', 'bln', '5'),
('704', 'BBM Kendaraan Motor', 'bln', '5'),
('705', 'Transportasi Direksi', 'bln', '5'),
('706', 'Transportasi PPMK', 'bln', '5'),
('707', 'Parkir Kendaraan', 'bln', '5'),
('708', 'Tol', 'bln', '5'),
('709', 'Perawatan Kendaraan', 'bln', '5'),
('710', 'Transportasi Material & Alat', 'bln', '5'),
('800', 'BIAYA KANTOR PROYEK', 'minggu', '5'),
('801', 'Komunikasi/Pulsa Hp', 'bln', '5'),
('802', 'Alat Tulis Kantor', 'bln', '5'),
('803', 'Printer', 'bh', '5'),
('804', 'Kertas HVS', 'rim', '5'),
('805', 'Laptop / Notebook', 'bh', '5'),
('806', 'Komputer', 'bh', '5'),
('807', 'Monitor', 'bh', '5'),
('808', 'CPU', 'bh', '5'),
('809', 'Speaker Aktif', 'unit', '5'),
('810', 'Stabilizer', 'bh', '5'),
('811', 'Telpon Kantor Proyek', 'bln', '5'),
('812', 'Fax Kantor Proyek', 'bln', '5'),
('813', 'Photo Copy', 'bln', '5'),
('814', 'Biaya Print', 'bln', '5'),
('815', 'Tinta Printer', 'bln', '5'),
('817', 'Internet', 'bln', '5'),
('818', 'Flash Disk', 'bh', '5'),
('819', 'Charger Baterai', 'bh', '5'),
('820', 'Batu Batrei / Batu Charger', 'bh', '5'),
('821', 'Kursi & Meja', 'bh', '5'),
('822', 'Helm Proyek', 'bh', '5'),
('823', 'Spanduk', 'bh', '5'),
('824', 'Paket/Pengiriman Data&Bon', 'bh', '5'),
('825', 'Biaya Mess', 'bln', '5'),
('826', 'Papan Nama Proyek & Bendera', 'bln', '5'),
('827', 'Kelengkapan Direksi Keet', 'bln', '5'),
('828', 'Sepatu Proyek', 'bln', '5'),
('829', 'Laporan Mingguan Proyek', 'bln', '5'),
('830', 'Laporan Bulanan Proyek', 'bln', '5'),
('900', 'CONTIGENSI', 'bln', '5'),
('901', 'Pimpinan Proyek', 'bln', '5'),
('902', 'Main Contraktor', 'bln', '5'),
('903', 'Konsultan Pengawas', 'bln', '5'),
('904', 'Fee Tagihan Termyn', 'bln', '5'),
('905', 'Fee Keamanan', 'bln', '5'),
('906', 'P3K', 'bln', '5'),
('907', 'angkat barang', 'buah', '');

-- --------------------------------------------------------

--
-- Table structure for table `upah_daftarupah`
--

CREATE TABLE IF NOT EXISTS `upah_daftarupah` (
  `kodeupah` varchar(6) NOT NULL,
  `iddaftarupah` int(11) NOT NULL,
  `harga` int(11) NOT NULL,
  PRIMARY KEY  (`kodeupah`,`iddaftarupah`),
  KEY `iddaftarupah` (`iddaftarupah`),
  KEY `iddaftarupah_2` (`iddaftarupah`)
) ENGINE=InnoDB DEFAULT CHARSET=latin1;

--
-- Dumping data for table `upah_daftarupah`
--

INSERT INTO `upah_daftarupah` (`kodeupah`, `iddaftarupah`, `harga`) VALUES
('301', 4, 50000),
('301', 5, 50000),
('301', 6, 50000),
('302', 4, 50000),
('302', 5, 50000),
('302', 6, 50000),
('303', 4, 50000),
('303', 5, 50000),
('303', 6, 50000),
('303', 7, 50000),
('304', 4, 50000),
('304', 5, 50000),
('304', 6, 50000),
('304', 7, 50000),
('305', 4, 50000),
('305', 5, 43434),
('305', 6, 50000),
('305', 7, 50000),
('306', 4, 50000),
('306', 5, 50000),
('306', 6, 50000),
('306', 7, 50000),
('307', 4, 50000),
('307', 5, 50000),
('307', 6, 50000),
('307', 7, 50000),
('308', 1, 1600),
('308', 2, 1600),
('308', 4, 50000),
('308', 5, 50000),
('308', 6, 50000),
('308', 7, 50000),
('309', 4, 50000),
('309', 5, 50000),
('309', 6, 50000),
('309', 7, 50000),
('310', 4, 50000),
('310', 5, 50000),
('310', 6, 50000),
('310', 7, 50000),
('311', 4, 50000),
('311', 5, 50000),
('311', 6, 50000),
('311', 7, 50000),
('312', 4, 50000),
('312', 5, 50000),
('312', 6, 50000),
('312', 7, 50000),
('313', 1, 1000),
('313', 2, 1000),
('313', 4, 50000),
('313', 5, 50000),
('313', 6, 50000),
('313', 7, 50000),
('314', 4, 50000),
('314', 5, 50000),
('314', 6, 50000),
('314', 7, 50000),
('315', 4, 50000),
('315', 5, 50000),
('315', 6, 50000),
('315', 7, 50000),
('316', 1, 0),
('316', 2, 5000),
('316', 4, 50000),
('316', 5, 50000),
('316', 6, 50000),
('316', 7, 50000),
('317', 2, 9000),
('317', 3, 9000),
('317', 4, 50000),
('317', 5, 50000),
('317', 6, 50000),
('317', 7, 50000),
('318', 4, 50000),
('318', 5, 50000),
('318', 6, 50000),
('318', 7, 50000),
('319', 2, 8000),
('319', 4, 50000),
('319', 5, 50000),
('319', 6, 50000),
('319', 7, 50000),
('320', 4, 50000),
('320', 5, 50000),
('320', 6, 50000),
('320', 7, 50000),
('321', 4, 50000),
('321', 5, 50000),
('321', 6, 50000),
('321', 7, 50000),
('322', 4, 50000),
('322', 5, 50000),
('322', 6, 50000),
('322', 7, 50000),
('323', 4, 50000),
('323', 5, 50000),
('323', 6, 50000),
('323', 7, 50000),
('324', 4, 50000),
('324', 5, 50000),
('324', 6, 50000),
('324', 7, 50000),
('325', 4, 50000),
('325', 5, 50000),
('325', 6, 50000),
('325', 7, 50000),
('326', 4, 50000),
('326', 5, 50000),
('326', 6, 50000),
('326', 7, 50000),
('327', 4, 50000),
('327', 5, 50000),
('327', 6, 50000),
('327', 7, 50000),
('328', 4, 50000),
('328', 5, 50000),
('328', 6, 50000),
('328', 7, 50000),
('329', 4, 50000),
('329', 5, 50000),
('329', 6, 50000),
('329', 7, 50000),
('330', 4, 50000),
('330', 5, 50000),
('330', 6, 50000),
('330', 7, 50000),
('400', 4, 50000),
('400', 5, 50000),
('400', 6, 50000),
('400', 7, 50000),
('401', 4, 50000),
('401', 5, 50000),
('401', 6, 50000),
('401', 7, 50000),
('402', 4, 50000),
('402', 5, 50000),
('402', 6, 50000),
('402', 7, 50000),
('403', 4, 50000),
('403', 5, 50000),
('403', 6, 50000),
('403', 7, 50000),
('404', 4, 50000),
('404', 5, 50000),
('404', 6, 50000),
('404', 7, 50000),
('405', 4, 50000),
('405', 5, 50000),
('405', 6, 50000),
('405', 7, 50000),
('406', 4, 50000),
('406', 5, 50000),
('406', 6, 50000),
('406', 7, 50000),
('500', 4, 50000),
('500', 5, 50000),
('500', 6, 50000),
('500', 7, 50000),
('501', 4, 50000),
('501', 5, 50000),
('501', 6, 50000),
('501', 7, 50000),
('502', 4, 50000),
('502', 5, 50000),
('502', 6, 50000),
('502', 7, 50000),
('503', 4, 50000),
('503', 5, 50000),
('503', 6, 50000),
('503', 7, 50000),
('504', 4, 50000),
('504', 5, 50000),
('504', 6, 50000),
('504', 7, 50000),
('505', 4, 50000),
('505', 5, 50000),
('505', 6, 50000),
('505', 7, 50000),
('506', 4, 50000),
('506', 5, 50000),
('506', 6, 50000),
('506', 7, 50000),
('507', 4, 50000),
('507', 5, 50000),
('507', 6, 50000),
('507', 7, 50000),
('508', 4, 50000),
('508', 5, 50000),
('508', 6, 50000),
('508', 7, 50000),
('600', 4, 50000),
('600', 5, 50000),
('600', 6, 50000),
('600', 7, 50000),
('601', 4, 50000),
('601', 5, 50000),
('601', 6, 50000),
('601', 7, 50000),
('602', 4, 50000),
('602', 5, 50000),
('602', 6, 50000),
('602', 7, 50000),
('603', 4, 50000),
('603', 5, 50000),
('603', 6, 50000),
('603', 7, 50000),
('604', 4, 50000),
('604', 5, 50000),
('604', 6, 50000),
('604', 7, 50000),
('605', 4, 50000),
('605', 5, 50000),
('605', 6, 50000),
('605', 7, 50000),
('606', 4, 50000),
('606', 5, 50000),
('606', 6, 50000),
('606', 7, 50000),
('607', 4, 50000),
('607', 5, 50000),
('607', 6, 50000),
('607', 7, 50000),
('608', 4, 50000),
('608', 5, 50000),
('608', 6, 50000),
('608', 7, 50000),
('609', 4, 50000),
('609', 5, 50000),
('609', 6, 50000),
('609', 7, 50000),
('610', 4, 50000),
('610', 5, 50000),
('610', 6, 50000),
('610', 7, 50000),
('611', 4, 50000),
('611', 5, 50000),
('611', 6, 50000),
('611', 7, 50000),
('612', 4, 50000),
('612', 5, 50000),
('612', 6, 50000),
('612', 7, 50000),
('613', 4, 50000),
('613', 5, 50000),
('613', 6, 50000),
('613', 7, 50000),
('614', 4, 50000),
('614', 5, 50000),
('614', 6, 50000),
('614', 7, 50000),
('615', 4, 50000),
('615', 5, 50000),
('615', 6, 50000),
('615', 7, 50000),
('616', 4, 50000),
('616', 5, 50000),
('616', 6, 50000),
('616', 7, 50000),
('617', 4, 50000),
('617', 5, 50000),
('617', 6, 50000),
('617', 7, 50000),
('618', 4, 50000),
('618', 5, 50000),
('618', 6, 50000),
('618', 7, 50000),
('619', 4, 50000),
('619', 5, 50000),
('619', 6, 50000),
('619', 7, 50000),
('620', 4, 50000),
('620', 5, 50000),
('620', 6, 50000),
('620', 7, 50000),
('621', 4, 50000),
('621', 5, 50000),
('621', 6, 50000),
('621', 7, 50000),
('622', 4, 50000),
('622', 5, 50000),
('622', 6, 50000),
('622', 7, 50000),
('623', 4, 50000),
('623', 5, 50000),
('623', 6, 50000),
('623', 7, 50000),
('624', 4, 50000),
('624', 5, 50000),
('624', 6, 50000),
('624', 7, 50000),
('625', 4, 50000),
('625', 5, 50000),
('625', 6, 50000),
('625', 7, 50000),
('626', 4, 50000),
('626', 5, 50000),
('626', 6, 50000),
('626', 7, 50000),
('627', 4, 50000),
('627', 5, 50000),
('627', 6, 50000),
('627', 7, 50000),
('628', 4, 50000),
('628', 5, 50000),
('628', 6, 50000),
('628', 7, 50000),
('700', 4, 50000),
('700', 5, 50000),
('700', 6, 50000),
('700', 7, 50000),
('701', 4, 50000),
('701', 5, 50000),
('701', 6, 50000),
('701', 7, 50000),
('702', 4, 50000),
('702', 5, 50000),
('702', 6, 50000),
('702', 7, 50000),
('703', 4, 50000),
('703', 5, 50000),
('703', 6, 50000),
('703', 7, 50000),
('704', 4, 50000),
('704', 5, 50000),
('704', 6, 50000),
('704', 7, 50000),
('705', 4, 50000),
('705', 5, 50000),
('705', 6, 50000),
('705', 7, 50000),
('706', 4, 50000),
('706', 5, 50000),
('706', 6, 50000),
('706', 7, 50000),
('707', 4, 50000),
('707', 5, 50000),
('707', 6, 50000),
('707', 7, 50000),
('708', 4, 50000),
('708', 5, 50000),
('708', 6, 50000),
('708', 7, 50000),
('709', 4, 50000),
('709', 5, 50000),
('709', 6, 50000),
('709', 7, 50000),
('710', 4, 50000),
('710', 5, 50000),
('710', 6, 50000),
('710', 7, 50000),
('800', 4, 50000),
('800', 5, 50000),
('800', 6, 50000),
('800', 7, 50000),
('801', 4, 50000),
('801', 5, 50000),
('801', 6, 50000),
('801', 7, 50000),
('802', 4, 50000),
('802', 5, 50000),
('802', 6, 50000),
('802', 7, 50000),
('803', 4, 50000),
('803', 5, 50000),
('803', 6, 50000),
('803', 7, 50000),
('804', 4, 50000),
('804', 5, 50000),
('804', 6, 50000),
('804', 7, 50000),
('805', 4, 50000),
('805', 5, 50000),
('805', 6, 50000),
('805', 7, 50000),
('806', 4, 50000),
('806', 5, 50000),
('806', 6, 50000),
('806', 7, 50000),
('807', 4, 50000),
('807', 5, 50000),
('807', 6, 50000),
('807', 7, 50000),
('808', 4, 50000),
('808', 5, 50000),
('808', 6, 50000),
('808', 7, 50000),
('809', 4, 50000),
('809', 5, 50000),
('809', 6, 50000),
('809', 7, 50000),
('810', 4, 50000),
('810', 5, 50000),
('810', 6, 50000),
('810', 7, 50000),
('811', 4, 50000),
('811', 5, 50000),
('811', 6, 50000),
('811', 7, 50000),
('812', 4, 50000),
('812', 5, 50000),
('812', 6, 50000),
('812', 7, 50000),
('813', 4, 50000),
('813', 5, 50000),
('813', 6, 50000),
('813', 7, 50000),
('814', 4, 50000),
('814', 5, 50000),
('814', 6, 50000),
('814', 7, 50000),
('815', 4, 50000),
('815', 5, 50000),
('815', 6, 50000),
('815', 7, 50000),
('817', 4, 50000),
('817', 5, 50000),
('817', 6, 50000),
('817', 7, 50000),
('818', 4, 50000),
('818', 5, 50000),
('818', 6, 50000),
('818', 7, 50000),
('819', 4, 50000),
('819', 5, 50000),
('819', 6, 50000),
('819', 7, 50000),
('820', 4, 50000),
('820', 5, 50000),
('820', 6, 50000),
('820', 7, 50000),
('821', 4, 50000),
('821', 5, 50000),
('821', 6, 50000),
('821', 7, 50000),
('822', 4, 50000),
('822', 5, 50000),
('822', 6, 50000),
('822', 7, 50000),
('823', 4, 50000),
('823', 5, 50000),
('823', 6, 50000),
('823', 7, 50000),
('824', 4, 50000),
('824', 5, 50000),
('824', 6, 50000),
('824', 7, 50000),
('825', 4, 50000),
('825', 5, 50000),
('825', 6, 50000),
('825', 7, 50000),
('826', 4, 50000),
('826', 5, 50000),
('826', 6, 50000),
('826', 7, 50000),
('827', 4, 50000),
('827', 5, 50000),
('827', 6, 50000),
('827', 7, 50000),
('828', 4, 50000),
('828', 5, 50000),
('828', 6, 50000),
('828', 7, 50000),
('829', 4, 50000),
('829', 5, 50000),
('829', 6, 50000),
('829', 7, 50000),
('830', 4, 50000),
('830', 5, 50000),
('830', 6, 50000),
('830', 7, 50000),
('900', 4, 50000),
('900', 5, 50000),
('900', 6, 50000),
('900', 7, 50000),
('901', 4, 50000),
('901', 5, 50000),
('901', 6, 50000),
('901', 7, 50000),
('902', 4, 50000),
('902', 5, 50000),
('902', 6, 50000),
('902', 7, 50000),
('903', 4, 50000),
('903', 5, 50000),
('903', 6, 50000),
('903', 7, 50000),
('904', 4, 50000),
('904', 5, 50000),
('904', 6, 50000),
('904', 7, 50000),
('905', 4, 50000),
('905', 5, 50000),
('905', 6, 50000),
('905', 7, 50000),
('906', 4, 50000),
('906', 5, 50000),
('906', 6, 50000),
('906', 7, 50000),
('907', 4, 50000),
('907', 5, 50000),
('907', 6, 50000),
('907', 7, 50000);

-- --------------------------------------------------------

--
-- Table structure for table `user`
--

CREATE TABLE IF NOT EXISTS `user` (
  `id` int(11) NOT NULL auto_increment,
  `nama` varchar(50) NOT NULL,
  `password` varchar(255) NOT NULL,
  `email` varchar(255) NOT NULL,
  `level` varchar(100) NOT NULL,
  PRIMARY KEY  (`id`)
) ENGINE=InnoDB  DEFAULT CHARSET=latin1 AUTO_INCREMENT=4 ;

--
-- Dumping data for table `user`
--

INSERT INTO `user` (`id`, `nama`, `password`, `email`, `level`) VALUES
(1, 'dyah parama iswari', '12345', 'dyahparama@gmail.com', 'Lapangan'),
(2, 'sintya ridho pamungkas', '12345', 'siridho@gmail.com', 'Pusat'),
(3, 'nandya', '12345', 'nandya@gmail.com', 'Admin');

--
-- Constraints for dumped tables
--

--
-- Constraints for table `alat_daftaralat`
--
ALTER TABLE `alat_daftaralat`
  ADD CONSTRAINT `alat_daftaralat_ibfk_1` FOREIGN KEY (`kodealat`) REFERENCES `alat` (`kode`) ON DELETE CASCADE,
  ADD CONSTRAINT `alat_daftaralat_ibfk_2` FOREIGN KEY (`iddaftaralat`) REFERENCES `daftaralat` (`id`) ON DELETE CASCADE;

--
-- Constraints for table `biaya`
--
ALTER TABLE `biaya`
  ADD CONSTRAINT `biaya_ibfk_1` FOREIGN KEY (`idanggaran`) REFERENCES `anggaran` (`kode`) ON DELETE CASCADE;

--
-- Constraints for table `material_daftarmaterial`
--
ALTER TABLE `material_daftarmaterial`
  ADD CONSTRAINT `material_daftarmaterial_ibfk_1` FOREIGN KEY (`kode`) REFERENCES `material` (`kode`) ON DELETE CASCADE,
  ADD CONSTRAINT `material_daftarmaterial_ibfk_2` FOREIGN KEY (`iddaftarmaterial`) REFERENCES `daftarmaterial` (`id`) ON DELETE CASCADE;

--
-- Constraints for table `pengukuranprogresslapangan`
--
ALTER TABLE `pengukuranprogresslapangan`
  ADD CONSTRAINT `pengukuranprogresslapangan_ibfk_1` FOREIGN KEY (`iduser`) REFERENCES `user` (`id`) ON DELETE CASCADE,
  ADD CONSTRAINT `pengukuranprogresslapangan_ibfk_2` FOREIGN KEY (`idpekerjaan`) REFERENCES `pekerjaan` (`kode`) ON DELETE CASCADE;

--
-- Constraints for table `proyek_pekerjaan`
--
ALTER TABLE `proyek_pekerjaan`
  ADD CONSTRAINT `proyek_pekerjaan_ibfk_1` FOREIGN KEY (`idproyek`) REFERENCES `proyek` (`id`) ON DELETE CASCADE,
  ADD CONSTRAINT `proyek_pekerjaan_ibfk_2` FOREIGN KEY (`kodepekerjaan`) REFERENCES `pekerjaan` (`kode`) ON DELETE CASCADE;

--
-- Constraints for table `rencanaanggaranpelaksanaan`
--
ALTER TABLE `rencanaanggaranpelaksanaan`
  ADD CONSTRAINT `rencanaanggaranpelaksanaan_ibfk_1` FOREIGN KEY (`iduser`) REFERENCES `user` (`id`) ON DELETE CASCADE,
  ADD CONSTRAINT `rencanaanggaranpelaksanaan_ibfk_3` FOREIGN KEY (`idpekerjaan`) REFERENCES `pekerjaan` (`kode`) ON DELETE CASCADE,
  ADD CONSTRAINT `rencanaanggaranpelaksanaan_ibfk_4` FOREIGN KEY (`idproyek`) REFERENCES `proyek` (`id`) ON DELETE CASCADE;

--
-- Constraints for table `rencanapekerjaanprogres`
--
ALTER TABLE `rencanapekerjaanprogres`
  ADD CONSTRAINT `rencanapekerjaanprogres_ibfk_1` FOREIGN KEY (`iduser`) REFERENCES `user` (`id`) ON DELETE CASCADE,
  ADD CONSTRAINT `rencanapekerjaanprogres_ibfk_2` FOREIGN KEY (`idpekerjaan`) REFERENCES `pekerjaan` (`kode`) ON DELETE CASCADE;

--
-- Constraints for table `transaksipengeluarankas`
--
ALTER TABLE `transaksipengeluarankas`
  ADD CONSTRAINT `transaksipengeluarankas_ibfk_1` FOREIGN KEY (`iduser`) REFERENCES `user` (`id`) ON DELETE CASCADE,
  ADD CONSTRAINT `transaksipengeluarankas_ibfk_2` FOREIGN KEY (`idbiaya`) REFERENCES `biaya` (`kode`) ON DELETE CASCADE,
  ADD CONSTRAINT `transaksipengeluarankas_ibfk_3` FOREIGN KEY (`idproyek`) REFERENCES `proyek` (`id`) ON DELETE CASCADE;

--
-- Constraints for table `transaksipengeluaranmaterial`
--
ALTER TABLE `transaksipengeluaranmaterial`
  ADD CONSTRAINT `transaksipengeluaranmaterial_ibfk_1` FOREIGN KEY (`iduser`) REFERENCES `user` (`id`) ON DELETE CASCADE,
  ADD CONSTRAINT `transaksipengeluaranmaterial_ibfk_2` FOREIGN KEY (`idbiaya`) REFERENCES `biaya` (`kode`) ON DELETE CASCADE,
  ADD CONSTRAINT `transaksipengeluaranmaterial_ibfk_3` FOREIGN KEY (`idproyek`) REFERENCES `proyek` (`id`) ON DELETE CASCADE;

--
-- Constraints for table `upah_daftarupah`
--
ALTER TABLE `upah_daftarupah`
  ADD CONSTRAINT `upah_daftarupah_ibfk_1` FOREIGN KEY (`iddaftarupah`) REFERENCES `daftarupah` (`id`) ON DELETE CASCADE,
  ADD CONSTRAINT `upah_daftarupah_ibfk_2` FOREIGN KEY (`kodeupah`) REFERENCES `upah` (`kode`) ON DELETE CASCADE;
